id,ben_enjy,ben_enrg,ben_flgd,ben_conv,ben_afrd,ben_live,ben_pvtd,ben_ctlh,ben_phys,gender,age,income,ethnic,children,educatio,state,region
42156128,4,3,4,4,5,4,4,4,4,2,2,5,0,1,2,IN,2
42156155,5,5,5,4,5,4,4,5,5,2,1,5,0,2,5,UT,4
42156168,5,3,3,4,4,3,4,3,2,2,3,5,0,0,2,PA,1
42156182,3,3,3,3,3,3,3,3,3,2,2,6,0,2,5,NE,2
42156189,4,4,4,5,5,3,3,3,3,2,1,5,1,0,5,MO,2
42156192,5,5,5,5,5,5,5,5,5,2,2,7,0,3,5,MI,2
42156195,5,1,4,3,4,2,2,2,2,2,0,3,0,0,4,LA,3
42156198,4,4,4,4,4,3,3,3,3,1,2,9,0,1,7,NJ,1
42156243,4,4,4,2,2,5,5,5,3,1,5,6,0,0,7,FL,3
42156245,3,2,3,3,2,3,3,2,3,1,2,5,6,0,5,MA,1
42156277,4,3,3,3,4,3,3,3,4,2,3,5,0,0,5,GA,3
42156292,4,2,4,4,4,2,2,2,2,1,1,6,0,0,5,FL,3
42156300,5,4,4,4,5,4,4,4,4,2,2,4,0,4,2,IL,2
42156301,4,3,4,3,4,3,3,3,3,1,4,7,0,0,5,NJ,1
42156304,4,4,5,4,3,5,5,5,4,1,3,7,0,0,5,NC,3
42156306,4,3,3,4,4,3,3,3,3,1,2,6,0,3,5,NY,1
42156323,4,3,3,4,5,3,3,3,3,1,2,6,0,2,7,VA,3
42156326,5,3,4,4,3,2,2,2,3,2,2,5,0,0,3,FL,3
42156336,5,3,4,4,4,4,4,5,4,1,4,7,0,0,5,PA,1
42156367,5,4,4,4,5,4,4,4,4,1,2,6,0,1,5,GA,3
42156377,5,2,2,3,3,2,2,2,3,1,2,8,1,3,7,MD,3
42156378,5,3,4,4,3,3,3,3,3,1,2,6,1,1,5,NY,1
42156387,5,4,5,5,4,4,4,4,4,1,1,7,0,1,7,NY,1
42156396,4,4,5,5,5,4,4,5,4,1,3,6,0,2,4,MA,1
42156399,4,4,4,3,3,3,3,4,3,1,2,5,0,0,4,VA,3
42156404,4,4,4,4,4,4,4,4,3,1,2,9,0,1,7,NJ,1
42156423,4,3,3,3,3,2,2,2,3,1,3,6,0,0,4,IN,2
42156451,5,3,4,4,4,4,3,4,4,1,1,4,0,0,5,IN,2
42156492,3,3,3,3,3,3,3,3,3,1,2,6,0,3,5,VA,3
42156493,5,4,4,3,2,3,4,3,3,1,1,5,4,0,5,CA,4
42156542,4,2,5,4,3,2,2,2,2,1,0,5,0,0,7,NY,1
42156556,5,5,5,5,5,4,4,3,4,1,3,3,0,0,5,CO,4
42156572,5,4,4,4,4,4,4,4,4,2,3,10,0,0,5,MD,3
42156577,4,4,4,4,4,3,3,3,2,1,1,3,0,0,5,AR,3
42156582,4,2,3,3,4,3,3,3,3,1,3,7,0,1,3,NC,3
42156593,4,3,3,3,4,3,3,3,2,1,1,5,0,0,5,CA,4
42156612,4,3,4,4,3,2,2,2,1,1,1,8,0,0,7,CA,4
42156643,5,3,3,4,4,3,3,3,3,1,3,5,0,0,3,MA,1
42156663,5,4,4,4,5,4,4,4,4,1,1,4,0,3,3,PA,1
42156676,4,4,4,3,4,3,3,3,4,1,3,10,0,0,2,NY,1
42156727,5,5,5,4,5,5,5,5,5,1,2,1,0,0,4,WA,4
42156729,5,4,4,3,4,3,4,4,3,1,3,3,0,0,5,TN,3
42156737,5,3,4,5,5,2,2,2,4,1,3,10,0,2,7,CA,4
42156740,4,4,3,2,2,4,4,4,4,1,2,5,0,0,4,TX,3
42156746,5,3,4,3,5,4,4,4,4,1,3,2,0,0,5,NC,3
42156748,5,3,3,4,4,3,4,4,3,2,3,6,0,0,4,TX,3
42156789,4,3,4,4,5,3,3,4,4,1,3,6,0,2,3,MI,2
42156812,5,2,3,5,5,1,1,1,1,1,2,10,0,0,5,WI,2
42156841,4,3,4,3,3,4,4,4,4,2,5,4,0,0,255,CA,4
42156847,5,3,3,4,5,2,2,2,2,1,4,10,6,0,255,IA,2
42156855,5,3,3,2,2,3,3,3,3,1,3,3,0,0,7,IN,2
42156862,4,2,2,3,3,3,3,2,3,1,2,5,0,2,7,UT,4
42156878,5,3,4,4,4,3,2,2,3,2,5,3,6,0,255,IN,2
42156879,5,5,5,4,5,5,5,5,4,2,3,3,0,0,2,NY,1
42156926,4,3,3,4,4,3,3,3,3,1,2,6,0,2,7,NV,4
42156982,5,4,5,4,4,4,4,4,4,1,2,5,0,3,7,MI,2
42156989,4,4,4,4,5,3,3,3,3,1,3,7,0,1,5,WA,4
42156991,4,2,2,3,4,1,1,4,1,2,2,5,0,0,4,CA,4
42157024,4,3,3,4,5,4,3,3,3,2,4,1,6,0,3,OK,3
42157031,5,2,3,3,4,3,2,2,1,1,2,6,0,1,3,IN,2
42157081,5,4,3,3,5,5,5,5,3,2,2,10,0,2,7,MO,2
42157083,4,3,3,3,4,3,3,3,4,1,4,7,0,0,7,CA,4
42157102,5,5,5,5,5,4,4,4,4,1,1,7,0,0,5,NM,4
42157120,4,3,3,3,3,3,3,3,3,2,2,6,0,4,5,AK,4
42157147,5,5,5,3,5,2,2,3,3,1,3,7,0,0,3,TX,3
42157152,4,3,4,3,4,3,3,4,3,1,2,5,0,3,7,NE,2
42157198,3,3,3,3,3,3,3,4,4,1,3,5,0,0,4,FL,3
42157229,5,3,5,5,5,2,2,2,3,1,2,6,0,2,5,CA,4
42157235,5,4,5,4,5,5,5,5,4,1,3,6,6,2,5,PA,1
42157240,4,4,5,5,5,4,5,5,4,1,4,7,0,0,7,CA,4
42157245,4,4,4,4,4,4,4,4,4,1,3,5,0,0,7,AZ,4
42157246,5,3,3,4,5,5,5,4,3,1,1,3,0,0,3,TN,3
42157261,4,3,3,3,5,4,4,4,4,1,1,7,0,1,7,NJ,1
42157284,4,3,4,3,5,4,4,4,3,1,1,7,6,2,5,WY,4
42157295,5,3,4,5,5,4,4,4,4,1,3,8,0,2,7,CA,4
42157299,4,4,4,4,4,4,4,4,3,1,0,1,0,0,4,ME,1
42157312,5,3,4,3,4,3,3,2,2,1,3,7,5,0,7,MN,2
42157322,4,3,3,3,3,4,4,4,4,1,1,7,0,0,7,NY,1
42157326,5,3,3,3,3,2,4,4,3,1,3,4,0,2,4,IL,2
42157378,4,3,3,4,4,3,3,3,3,2,2,5,0,2,4,CO,4
42157407,5,5,5,5,5,5,5,5,5,2,2,4,0,1,2,NY,1
42157424,3,3,3,3,3,3,3,3,3,1,3,5,0,0,3,MD,3
42157429,5,3,3,4,5,2,2,2,2,1,3,8,0,2,5,IN,2
42157431,5,4,5,3,3,4,5,5,4,1,4,5,0,0,7,WV,3
42157436,4,3,4,3,3,3,3,3,3,1,3,6,0,2,5,NY,1
42157453,5,4,4,4,4,2,3,3,3,1,2,5,0,3,3,CA,4
42157463,5,5,5,3,4,5,5,5,5,2,2,6,0,2,5,MI,2
42157558,4,3,3,3,4,3,3,3,3,1,3,8,0,1,7,GA,3
42157568,5,4,4,4,4,4,4,4,4,1,3,4,1,0,3,NJ,1
42157599,5,2,4,5,3,2,2,3,4,1,3,4,0,1,7,MI,2
42157647,4,4,4,3,5,2,4,4,3,1,2,4,0,1,5,TX,3
42157652,5,3,3,3,5,5,5,4,2,1,5,10,0,0,3,PA,1
42157656,5,3,3,3,5,3,5,3,4,2,5,1,0,0,3,FL,3
42157690,4,4,4,4,4,4,4,4,4,1,3,7,0,0,5,RI,1
42157711,4,5,5,3,3,5,5,5,4,1,0,4,0,0,5,MI,2
42157726,5,3,4,3,3,3,3,4,4,2,2,8,0,0,7,NJ,1
42157732,5,3,4,5,3,3,3,3,3,2,3,7,0,0,5,MA,1
42157813,4,3,3,3,4,3,3,3,3,1,1,5,0,1,7,KY,3
42157827,4,1,3,3,3,3,3,4,4,2,0,1,0,0,5,CA,4
42157851,5,4,4,4,5,4,4,4,4,1,3,4,0,0,3,FL,3
42157876,5,3,4,2,2,5,5,5,2,1,1,5,0,0,5,CO,4
42157908,5,4,4,3,4,2,3,3,3,1,5,5,0,0,7,CA,4
42157915,3,2,3,4,3,2,2,1,2,1,3,7,0,2,3,WA,4
42157931,5,3,3,3,4,3,2,2,4,1,0,5,5,0,3,NY,1
42157939,4,2,3,4,5,3,3,3,2,1,3,10,0,3,7,TX,3
42157942,5,5,5,5,5,5,5,5,3,1,2,5,0,1,5,TX,3
42157944,5,4,3,4,4,2,2,2,2,1,2,6,0,1,5,NY,1
42158009,3,3,4,4,4,4,4,4,3,1,1,5,0,1,5,CA,4
42158024,1,3,3,3,3,2,2,2,3,2,1,4,0,0,5,CO,4
42158054,4,4,4,4,4,4,4,4,4,1,2,6,1,2,5,FL,3
42158078,5,3,5,4,5,3,3,3,3,1,4,7,0,0,2,MA,1
42158132,4,3,3,3,4,2,2,3,2,1,3,3,0,2,4,SC,3
42158173,5,4,4,5,3,2,2,2,3,1,2,5,0,2,5,NY,1
42158194,4,3,4,3,5,3,3,3,3,1,3,4,0,2,4,FL,3
42158249,5,5,5,3,4,3,5,5,5,1,4,5,0,0,4,FL,3
42158259,4,3,4,4,3,2,2,2,2,1,3,10,0,0,4,SC,3
42158291,4,3,4,3,3,4,4,4,4,1,3,8,0,0,7,MO,2
42158294,5,4,4,4,4,4,4,4,4,1,2,7,0,0,5,NY,1
42158340,3,3,3,2,2,3,3,4,4,2,3,5,0,0,2,KY,3
42158343,4,2,3,4,3,3,2,3,3,1,2,6,0,2,4,MA,1
42158365,3,2,3,4,4,1,1,1,3,1,0,5,0,0,4,PA,1
42158398,4,3,3,4,4,3,3,4,3,2,3,5,0,0,2,MN,2
42158411,4,4,4,1,3,5,4,5,5,1,1,4,0,0,3,OH,2
42158414,4,4,3,3,3,3,3,3,3,2,1,10,0,2,4,KS,2
42158542,5,5,5,5,4,5,4,5,3,1,3,7,0,2,7,TX,3
42158551,4,4,4,4,2,3,3,4,3,1,3,2,0,0,5,UT,4
42158583,5,4,4,3,4,3,3,3,3,1,2,3,0,2,4,IL,2
42158619,4,3,3,3,3,4,3,3,3,1,4,5,0,0,3,OH,2
42158658,4,4,3,4,5,2,2,3,4,1,3,9,0,0,7,CA,4
42158710,5,3,3,3,4,3,2,2,3,1,3,5,0,1,3,CO,4
42158749,5,5,5,5,5,5,5,5,5,1,3,7,0,0,7,OK,3
42158757,4,3,4,3,4,4,4,5,5,1,0,6,6,0,5,CA,4
42158783,4,4,4,4,4,4,4,4,4,1,2,4,6,0,5,WV,3
42158819,5,3,4,5,5,4,4,4,3,1,3,8,0,1,7,IN,2
42158890,5,4,3,4,5,3,3,3,3,1,3,2,0,0,2,SD,2
42158903,5,3,3,3,2,3,3,4,3,2,0,4,0,0,4,NY,1
42158953,5,2,2,5,2,2,2,2,2,2,4,5,0,3,3,OH,2
42158979,5,5,5,3,4,4,5,5,4,2,2,5,0,4,3,TX,3
42158999,5,5,5,5,5,5,5,5,5,2,1,10,0,0,4,VA,3
42159022,4,4,4,5,4,3,3,3,3,2,1,8,0,0,7,PA,1
42159044,4,2,4,4,4,3,3,4,2,2,1,4,0,2,3,OK,3
42159055,4,3,3,3,3,4,5,5,3,1,2,4,0,1,3,MN,2
42159088,4,4,4,4,5,5,5,5,4,2,3,5,0,2,2,IN,2
42159099,4,2,3,3,4,4,4,4,3,1,2,6,0,0,4,OR,4
42159102,5,3,4,4,5,5,5,5,4,2,4,4,0,0,3,OK,3
42159108,4,3,4,4,5,3,3,3,3,2,4,5,0,0,2,MA,1
42159160,5,3,4,4,4,4,4,4,4,2,2,4,0,0,7,OK,3
42159189,4,4,4,4,4,4,3,3,3,2,3,4,0,0,3,OH,2
42159198,4,4,4,4,4,4,4,5,4,2,4,3,0,0,3,CA,4
42159230,4,3,2,4,5,4,4,4,3,2,1,6,0,2,4,NJ,1
42159248,5,4,4,5,5,3,3,3,3,2,1,4,0,1,2,PA,1
42159259,5,3,3,4,5,3,4,4,3,2,3,5,0,0,2,MI,2
42159273,5,3,3,3,3,3,3,3,3,2,3,5,0,2,2,PA,1
42159301,3,3,2,2,3,5,5,5,3,2,1,10,0,0,5,TX,3
42159388,4,3,3,4,4,3,3,4,3,2,1,5,0,1,5,PA,1
42159391,4,2,2,4,4,3,3,3,3,2,3,2,0,0,3,WI,2
42159506,5,5,5,5,3,5,5,5,3,2,1,3,0,0,3,PA,1
42159518,4,4,4,4,4,4,4,4,4,2,2,6,0,3,3,IA,2
42159527,5,3,3,1,4,5,5,5,3,2,2,4,0,0,4,NV,4
42159528,4,4,4,3,4,3,3,3,3,2,2,7,0,0,3,PA,1
42159580,5,4,4,4,3,3,3,2,2,2,1,4,0,1,3,WA,4
42159604,4,3,2,3,3,3,2,3,2,2,1,5,1,0,3,CA,4
42159635,5,4,4,5,5,3,3,3,3,1,5,5,0,0,5,CA,4
42159664,4,3,3,2,4,2,3,3,3,2,3,5,0,1,3,OH,2
42159706,4,3,3,5,5,3,3,3,3,2,2,5,0,1,5,UT,4
42159724,3,3,4,4,4,3,3,3,3,2,2,2,0,0,3,CA,4
42159737,4,4,4,4,4,4,3,3,4,2,3,5,0,0,3,SC,3
42159739,5,5,5,4,5,5,5,5,5,1,4,6,1,0,3,FL,3
42159761,4,4,4,4,4,3,3,3,3,2,1,10,0,1,2,TX,3
42159805,4,3,4,4,4,3,3,3,3,2,1,4,0,0,5,AZ,4
42159890,5,4,4,5,4,3,3,2,3,2,4,10,0,0,4,OR,4
42159912,4,3,3,4,4,3,3,3,3,2,3,6,0,0,5,CA,4
42159951,5,4,4,5,4,3,3,3,3,2,3,6,0,2,2,MI,2
42160023,5,4,4,4,4,4,4,4,4,2,2,4,0,0,5,PA,1
42160033,4,4,4,3,4,3,3,3,4,2,2,1,0,0,3,WA,4
42160077,4,3,4,3,3,3,3,3,2,2,1,5,0,0,4,PA,1
42160093,4,3,3,2,4,4,3,3,4,1,2,7,0,2,7,NY,1
42160140,4,3,3,4,3,2,2,2,2,2,3,7,0,1,5,NJ,1
42160185,5,3,3,4,5,3,3,3,3,1,2,2,0,0,3,CA,4
42160214,5,3,3,4,4,3,2,2,2,2,2,2,0,0,2,IN,2
42160276,4,3,4,3,4,4,4,4,4,1,3,7,0,2,5,FL,3
42160305,5,5,5,5,5,5,5,5,5,2,4,6,0,0,2,OR,4
42160318,5,2,3,4,5,4,3,3,4,2,4,10,0,0,2,NY,1
42160408,4,3,4,3,4,4,4,4,4,1,2,4,0,2,2,IL,2
42160524,4,3,4,3,3,5,5,4,3,2,4,3,0,0,4,MA,1
42160532,5,3,4,4,5,2,3,2,4,2,1,6,0,0,7,MD,3
42160577,5,3,3,4,5,3,3,4,3,2,3,10,0,0,2,CO,4
42160610,4,3,3,3,3,2,2,2,2,2,1,5,0,1,2,OH,2
42160613,4,2,3,3,4,3,3,3,3,2,3,9,0,2,7,NJ,1
42160676,4,4,4,4,4,4,4,4,4,2,4,10,0,0,3,TX,3
42160765,4,4,4,3,5,4,4,3,3,1,4,3,0,0,7,OR,4
42160787,5,3,3,3,5,3,3,3,1,2,3,5,0,0,4,AZ,4
42160814,4,2,5,2,2,5,5,5,2,2,3,5,2,0,3,TX,3
42160825,5,3,4,3,4,3,4,4,4,1,2,5,0,0,5,IA,2
42160929,4,3,4,4,5,1,1,1,3,2,1,10,0,0,7,IN,2
42161066,3,3,4,4,5,3,3,3,3,1,2,3,0,0,2,MO,2
42161105,4,3,3,4,4,5,5,4,4,2,3,2,0,0,3,LA,3
42161137,5,4,4,4,5,5,5,4,4,2,1,7,0,0,7,NV,4
42161151,4,4,4,4,4,4,4,4,4,2,2,6,0,2,4,GA,3
42161156,5,3,3,3,5,5,4,3,5,1,4,6,0,0,4,TN,3
42161217,5,4,4,4,5,4,5,5,5,1,4,3,0,0,4,NC,3
42161227,5,5,5,4,4,5,5,4,5,2,0,3,0,0,3,MD,3
42161243,4,3,4,2,5,4,4,4,2,2,0,3,0,0,5,IA,2
42161254,4,4,3,3,4,3,3,3,3,2,1,4,0,0,7,TN,3
42161350,4,5,5,4,4,5,4,4,5,2,2,1,0,1,3,MO,2
42161353,5,3,4,4,5,4,4,3,5,2,3,4,0,0,3,VA,3
42161357,4,4,3,3,4,4,4,4,3,1,1,5,0,0,5,FL,3
42161364,4,4,4,2,3,4,4,4,3,2,2,2,0,0,2,OH,2
42161383,4,3,4,3,4,3,3,3,3,2,3,5,0,1,2,PA,1
42161384,4,3,4,3,3,3,3,3,3,2,2,5,0,2,4,NJ,1
42161387,5,3,3,5,2,3,3,2,2,2,3,5,0,0,3,OH,2
42161401,4,3,3,4,5,4,4,4,4,2,4,4,0,0,3,ID,4
42161402,4,4,3,4,5,4,3,3,4,1,3,5,0,0,3,MS,3
42161511,5,5,5,5,5,5,5,5,5,2,2,5,0,0,7,IA,2
42161545,4,3,4,2,3,1,1,1,1,1,4,5,0,0,7,PA,1
42161548,4,3,4,4,4,3,2,2,2,2,2,5,3,2,3,PA,1
42161554,4,3,3,4,4,3,3,4,3,2,1,10,0,0,4,MI,2
42161582,5,4,4,3,3,4,4,4,4,2,1,10,0,0,5,MD,3
42161628,4,3,3,2,2,3,3,4,4,1,4,10,0,0,5,MN,2
42161668,4,3,4,3,4,4,4,4,4,1,1,10,6,0,7,CA,4
42161705,5,3,5,3,5,3,4,3,3,1,3,5,0,5,3,WA,4
42161741,5,3,5,5,5,4,4,3,3,1,3,5,0,0,3,NE,2
42161746,5,4,4,4,3,3,3,3,2,2,4,2,0,0,4,NY,1
42161761,5,5,5,5,5,3,3,3,3,2,5,2,0,0,2,CO,4
42161822,4,5,2,3,3,5,5,5,5,1,3,4,0,0,4,NH,1
42161839,4,3,3,4,3,3,4,4,3,1,3,9,0,2,7,MI,2
42161863,4,3,4,3,2,3,3,3,2,2,2,6,3,1,5,NY,1
42161868,4,4,4,5,5,5,5,5,4,1,3,4,0,2,3,NY,1
42161915,5,2,4,4,5,4,4,4,3,1,2,1,0,2,3,UT,4
42161937,1,1,1,1,3,1,1,1,2,1,0,10,6,1,7,CT,1
42161940,5,2,2,3,4,2,2,2,2,2,2,2,0,0,3,KY,3
42161944,4,3,4,2,2,3,4,4,4,2,2,5,0,0,3,WA,4
42162004,5,5,5,5,5,5,5,5,5,2,0,3,3,0,255,IN,2
42162051,3,3,2,3,3,4,2,2,1,2,0,7,0,0,2,MI,2
42162133,5,4,4,4,4,4,4,4,3,2,2,5,0,1,5,MI,2
42162172,4,3,4,3,3,4,3,3,3,2,2,4,0,0,3,IL,2
42162206,5,4,4,4,4,4,4,4,4,2,2,10,0,2,5,KY,3
42162247,5,5,4,4,5,3,3,4,4,2,3,5,0,0,4,OK,3
42162269,4,4,4,3,4,3,3,4,4,2,2,4,1,3,5,VA,3
42162301,3,4,4,4,5,4,4,4,4,2,4,5,0,0,2,CO,4
42162304,4,3,3,4,5,3,3,3,4,2,2,1,0,0,5,MN,2
42162319,4,3,2,4,4,2,2,1,1,2,1,5,0,0,5,WI,2
42162345,4,3,3,4,5,3,3,4,3,1,3,5,0,0,3,AZ,4
42162360,5,3,4,5,5,3,5,5,3,2,4,10,0,0,2,MI,2
42162469,5,2,3,2,4,3,3,3,2,2,4,4,0,0,4,MI,2
42162487,4,4,4,4,4,2,2,4,3,2,2,5,0,0,2,WA,4
42162514,4,3,3,4,4,3,3,3,3,2,1,3,0,0,7,MO,2
42162546,5,3,3,5,5,2,3,2,3,2,1,10,0,2,3,KY,3
42162571,4,3,3,2,4,4,4,4,3,1,2,6,0,0,2,NC,3
42162615,4,2,2,5,5,4,4,4,3,1,3,5,0,0,7,NY,1
42162617,4,2,2,3,3,2,2,2,2,1,2,6,0,3,3,MD,3
42162660,4,2,3,4,4,3,2,2,3,1,3,6,0,0,3,MT,4
42162690,5,5,5,3,5,5,5,5,5,1,1,2,0,3,3,KS,2
42162705,5,3,3,3,4,3,3,3,3,1,3,4,0,0,2,NJ,1
42162755,4,4,4,3,4,3,3,3,3,1,2,5,0,2,3,AL,3
42162801,5,3,4,3,4,3,3,3,3,1,2,7,0,0,3,OH,2
42162841,4,4,4,3,4,3,2,3,3,1,3,7,0,2,5,IL,2
42162895,4,4,4,4,4,4,4,4,3,2,1,10,0,0,5,NJ,1
42162904,4,3,3,3,3,4,4,3,2,2,3,1,0,0,3,MI,2
42162930,1,1,1,1,1,1,2,1,1,2,1,4,0,1,2,MI,2
42162953,4,3,3,4,4,5,4,4,3,2,1,3,0,2,2,AR,3
42162965,5,2,2,5,5,3,3,4,2,1,3,3,0,0,5,ME,1
42162983,5,4,3,4,4,3,3,3,2,2,1,4,0,0,5,LA,3
42162990,5,3,3,3,2,3,2,2,3,2,2,3,0,1,5,KS,2
42163027,4,3,3,3,3,3,3,3,3,2,1,4,0,0,7,GA,3
42163050,5,5,5,4,4,4,4,3,3,2,1,6,0,0,7,MI,2
42163054,5,3,2,3,5,4,4,5,4,1,3,5,1,1,7,TN,3
42163104,4,4,5,2,3,3,3,2,5,2,1,4,0,0,5,NY,1
42163195,5,4,4,3,4,4,3,3,3,1,4,5,0,0,7,NC,3
42163244,5,3,3,2,5,4,4,4,4,2,3,4,0,1,2,LA,3
42163272,5,5,5,5,5,5,5,5,5,2,3,5,0,0,2,AL,3
42163275,5,1,3,3,4,2,2,2,2,2,2,4,0,3,3,CA,4
42163326,5,4,5,4,5,4,4,4,4,2,2,4,3,0,3,AL,3
42163443,4,3,3,3,4,3,4,3,4,2,2,10,3,1,4,HI,4
42163465,4,3,4,4,4,3,3,3,3,2,2,5,0,1,2,AL,3
42163587,4,5,5,4,4,5,5,4,4,2,4,5,0,0,3,VA,3
42163592,5,4,3,3,4,4,4,4,4,2,4,10,0,0,5,KS,2
42163603,5,3,3,4,5,5,5,5,5,2,3,5,0,0,5,NY,1
42163639,5,3,4,3,5,4,5,5,4,2,4,6,0,0,2,VA,3
42163646,4,4,5,5,5,5,5,5,5,2,1,7,0,0,2,MD,3
42163673,5,3,3,2,4,4,4,4,4,2,0,6,4,3,255,CA,4
42163714,4,3,4,4,4,4,4,4,4,2,4,1,0,0,3,AZ,4
42163741,5,3,3,4,4,3,3,3,4,1,4,8,0,0,7,CT,1
42163796,5,4,4,4,5,3,3,2,3,2,3,6,0,0,3,NJ,1
42163851,5,5,5,5,5,5,5,5,5,1,3,5,0,0,4,TX,3
42163893,5,5,5,4,5,5,5,5,5,1,3,6,0,0,5,AL,3
42163903,5,3,3,4,5,2,3,3,4,2,1,4,0,1,3,NH,1
42163923,3,3,2,2,4,5,5,5,4,2,0,4,0,0,3,VA,3
42163937,5,4,3,4,5,1,1,2,2,2,3,10,0,0,3,GA,3
42163950,4,3,4,3,4,4,4,4,4,1,2,5,0,1,5,RI,1
42164131,5,3,2,5,5,1,1,1,1,2,1,4,5,0,5,TX,3
42164161,4,3,3,3,3,3,4,5,3,1,4,7,1,2,3,NJ,1
42164213,5,5,5,5,5,5,5,5,5,2,3,5,0,0,5,NJ,1
42164243,4,3,3,3,3,4,4,4,4,2,3,7,0,0,3,MI,2
42164313,4,3,4,2,2,5,5,5,5,2,1,7,0,0,4,VA,3
42164372,3,3,3,3,3,3,3,3,3,2,1,6,0,0,7,MS,3
42164401,4,3,3,3,3,4,4,3,4,1,4,5,0,0,2,NY,1
42164410,5,4,4,4,5,4,4,4,5,2,4,4,0,3,3,FL,3
42164433,5,2,2,5,4,2,2,2,3,2,1,5,0,0,7,VA,3
42164450,5,3,3,5,4,5,5,5,5,1,4,7,0,0,5,FL,3
42164493,5,4,4,4,3,4,4,4,4,2,3,2,0,0,5,TX,3
42164498,4,3,4,4,5,4,4,4,4,2,2,6,0,1,4,VA,3
42164520,4,3,4,5,4,4,4,4,4,2,0,5,0,0,3,AL,3
42164540,5,5,5,3,3,1,1,1,1,1,1,6,0,0,7,AZ,4
42164541,4,3,4,4,3,4,3,4,3,2,1,5,0,0,5,RI,1
42164566,4,3,3,3,4,3,2,2,2,2,1,3,0,0,5,MI,2
42164600,4,5,4,4,5,5,4,4,5,1,4,7,0,0,5,NY,1
42164618,5,4,4,4,5,1,1,1,3,1,3,8,0,0,3,NY,1
42164677,5,5,5,5,5,3,4,4,4,2,4,2,0,0,3,OR,4
42164721,4,4,4,5,4,4,4,4,3,2,4,5,0,0,7,MI,2
42164746,5,1,5,5,5,1,1,1,1,2,3,5,0,0,7,MN,2
42164775,4,4,4,3,3,3,3,3,3,2,1,6,0,0,7,FL,3
42164779,4,4,4,3,3,3,4,3,3,2,2,6,0,0,2,NY,1
42164781,5,4,4,3,4,4,3,3,3,2,3,4,0,0,4,TX,3
42164792,5,4,3,1,2,4,4,4,4,2,4,4,0,0,2,GA,3
42164812,5,4,4,3,5,4,4,4,4,1,1,5,0,1,5,AL,3
42164820,5,4,4,3,4,4,4,4,4,2,1,4,0,0,3,TX,3
42164827,3,4,3,4,4,3,3,3,1,2,1,5,0,0,5,AL,3
42164830,4,3,4,4,4,3,3,3,3,2,2,4,0,0,4,WA,4
42164854,4,4,4,4,4,4,4,4,3,2,2,3,0,1,2,NC,3
42164884,5,3,4,5,5,4,4,4,5,2,0,6,0,0,3,ID,4
42164957,5,4,4,4,5,3,3,4,4,2,1,8,2,2,4,NJ,1
42164960,4,4,4,4,5,5,5,5,4,2,2,5,0,0,3,AL,3
42165005,4,3,4,4,4,4,4,4,4,2,2,5,0,1,4,MT,4
42165020,5,4,4,5,5,5,5,5,3,2,1,7,0,0,5,NY,1
42165051,4,3,3,5,5,4,4,4,4,1,4,6,0,0,7,NY,1
42165065,4,3,3,4,4,3,3,3,3,2,1,9,1,1,7,TN,3
42165092,4,4,4,4,3,2,2,2,3,2,0,6,3,0,4,OK,3
42165105,4,3,3,3,3,3,3,3,3,1,2,5,0,4,5,OH,2
42165125,4,3,3,3,4,3,3,2,2,2,4,4,0,0,7,NY,1
42165134,4,3,3,4,4,4,4,4,4,2,1,4,1,1,3,SC,3
42165161,4,3,3,3,3,3,2,2,2,2,4,10,0,0,7,MI,2
42165212,5,3,4,3,5,4,3,3,3,2,2,5,0,1,2,TN,3
42165239,5,4,3,3,3,4,4,4,3,2,1,6,0,0,7,TN,3
42165293,5,4,4,2,3,4,4,5,4,2,2,10,0,0,2,NY,1
42165316,5,3,4,4,3,3,3,3,3,2,4,5,0,0,3,OH,2
42165321,4,4,4,3,3,2,2,2,4,2,2,5,0,0,5,SC,3
42165353,5,3,4,5,5,3,4,4,4,1,2,10,0,0,7,NJ,1
42165378,4,4,4,3,3,4,3,4,4,2,1,7,0,1,5,CT,1
42165431,4,3,4,3,3,4,4,4,4,1,4,5,0,0,4,TN,3
42165485,3,2,3,3,4,4,3,3,3,2,3,5,0,0,3,MI,2
42165490,5,3,4,4,5,3,3,3,3,2,1,3,0,1,4,OH,2
42165493,5,4,4,4,5,4,4,4,5,2,1,10,0,0,5,LA,3
42165501,4,3,4,5,5,3,3,3,4,1,3,3,0,0,3,NM,4
42165579,5,5,5,5,5,4,4,4,4,2,2,10,0,1,3,OR,4
42165612,5,3,4,4,4,4,3,3,3,2,3,6,0,0,2,AL,3
42165614,4,4,4,4,4,3,3,3,3,2,4,5,0,0,2,PA,1
42165631,4,4,4,4,4,4,4,4,4,2,0,2,0,0,4,SD,2
42165656,4,3,4,4,3,5,4,4,4,2,3,3,0,2,7,AL,3
42165808,5,5,5,5,5,5,5,5,5,2,2,10,0,2,7,NM,4
42165857,5,3,3,3,4,3,3,3,2,2,2,5,0,2,3,PA,1
42165896,5,5,5,3,5,5,5,5,4,2,2,10,0,1,4,VA,3
42165950,4,3,3,5,4,5,5,4,3,2,2,5,0,0,7,MN,2
42165953,5,3,4,3,3,3,3,4,3,2,2,4,0,0,2,FL,3
42165962,4,4,4,3,5,4,5,4,3,1,2,7,0,0,7,PA,1
42165966,3,1,3,3,4,4,5,5,3,1,1,7,0,0,5,CA,4
42165977,5,2,3,4,5,4,4,3,3,2,1,10,0,2,7,NC,3
42166050,4,4,4,4,4,4,4,4,4,2,2,4,0,4,4,MI,2
42166051,4,3,3,3,4,3,3,3,4,2,4,10,0,0,7,MN,2
42166081,4,4,5,4,4,5,5,5,3,2,2,10,0,0,7,PA,1
42166104,5,5,5,5,4,3,3,3,3,2,3,7,0,0,3,AL,3
42166135,4,3,4,3,4,4,4,4,3,1,4,5,0,0,5,NV,4
42166282,5,4,4,4,5,2,3,3,3,1,2,3,0,0,5,PA,1
42166337,4,4,4,3,3,4,4,4,3,2,1,10,0,0,5,IN,2
42166430,5,5,5,5,5,5,5,5,5,2,3,5,0,0,5,MO,2
42166444,5,3,4,4,5,2,2,3,3,2,1,5,0,1,3,OR,4
42166525,4,3,4,5,3,2,2,3,3,2,2,10,0,1,5,DE,3
42166550,5,4,3,3,3,4,3,3,3,2,1,4,0,2,3,DE,3
42166590,5,3,4,3,3,3,3,3,2,2,2,6,0,0,4,OH,2
42166595,4,3,4,3,4,3,3,3,3,1,4,5,0,0,3,IA,2
42166600,5,2,4,5,5,3,3,4,4,2,2,7,4,2,3,CA,4
42166635,5,3,5,5,5,5,5,5,5,2,4,4,0,0,5,PA,1
42166641,5,3,4,4,5,2,3,3,1,1,4,7,0,0,7,NJ,1
42166656,4,3,3,3,3,3,3,3,3,2,1,10,0,0,5,TN,3
42166676,5,4,4,3,2,4,4,4,4,2,3,4,0,0,7,NC,3
42166713,4,4,4,3,4,4,4,4,3,2,3,5,0,0,7,AR,3
42166723,4,4,4,4,4,4,4,4,4,2,2,5,0,1,2,MN,2
42166742,4,4,4,3,3,3,3,3,3,2,1,8,0,0,5,MO,2
42166746,4,4,4,4,4,4,5,5,4,1,4,10,0,0,3,IL,2
42166842,5,3,2,3,3,3,3,3,3,2,2,6,0,1,2,CA,4
42166850,4,4,4,2,4,4,4,4,3,1,2,5,0,0,5,AR,3
42166858,4,4,4,4,5,4,4,4,4,2,2,7,0,0,7,MN,2
42166899,5,2,5,4,3,3,3,3,3,2,1,10,0,0,3,IL,2
42166933,4,3,3,4,4,4,4,4,4,2,2,7,0,2,4,WI,2
42166937,5,5,5,5,5,5,5,5,5,2,4,5,6,1,7,WI,2
42166972,5,3,4,3,5,1,1,2,3,2,1,10,0,0,3,VA,3
42166974,4,3,4,4,4,3,3,3,3,2,3,4,0,1,3,ME,1
42166987,5,1,3,4,4,2,3,3,1,2,1,5,0,0,3,PA,1
42167020,4,3,4,4,3,3,3,3,3,2,4,4,0,1,5,PA,1
42167042,5,3,5,3,1,1,2,5,1,2,1,4,0,0,5,PA,1
42167054,5,4,4,4,4,3,3,3,3,1,3,6,0,0,7,CA,4
42167063,4,3,4,4,5,4,3,3,3,1,4,5,0,0,5,CA,4
42167074,4,4,4,5,5,4,4,4,5,2,1,6,0,0,5,MA,1
42167083,5,5,5,3,4,5,5,5,4,2,1,5,0,0,5,PA,1
42167093,5,3,3,3,3,3,2,2,2,2,2,5,0,0,5,MD,3
42167155,4,3,4,4,4,3,3,4,5,2,1,4,0,2,3,CO,4
42167223,3,4,4,4,5,3,3,3,4,2,1,4,0,0,5,PA,1
42167241,4,3,4,3,5,5,5,5,4,2,2,3,0,0,4,IA,2
42167247,4,3,3,4,4,3,3,3,3,1,2,4,0,3,3,AZ,4
42167251,5,4,4,3,3,2,2,2,3,2,2,3,0,1,2,MN,2
42167264,3,1,1,4,5,3,4,3,3,2,1,5,0,1,2,OH,2
42167311,4,4,4,3,4,4,4,4,4,2,3,6,0,0,5,MD,3
42167314,4,3,3,3,5,3,3,4,2,2,0,2,0,0,255,MO,2
42167336,5,4,4,5,5,3,4,4,4,2,3,6,0,0,7,KY,3
42167340,4,3,5,4,5,3,3,3,3,2,3,6,0,0,3,IA,2
42167400,5,3,4,4,5,4,4,4,4,2,4,6,0,0,3,PA,1
42167451,4,4,4,4,4,5,4,5,5,2,1,5,0,1,5,PA,1
42167455,4,4,4,3,3,4,4,4,4,2,3,5,0,0,2,TN,3
42167463,4,3,4,5,5,3,3,2,3,2,1,3,0,0,7,IA,2
42167523,4,3,3,3,3,3,3,4,4,2,4,2,0,0,3,IL,2
42167590,5,3,3,3,4,4,3,3,3,2,1,6,3,2,7,CA,4
42167612,5,5,5,5,5,5,5,5,5,1,3,5,0,0,5,CA,4
42167656,4,3,4,4,4,4,4,4,4,2,0,5,0,0,7,VA,3
42167685,5,3,4,3,5,4,4,4,4,2,0,4,4,1,2,CA,4
42167793,5,4,4,3,4,4,3,4,3,2,1,5,0,0,5,CO,4
42167802,3,4,4,4,4,4,4,4,4,2,2,2,3,1,3,WA,4
42167804,5,5,5,5,5,5,5,5,5,2,0,1,0,0,5,MN,2
42167811,4,3,3,3,4,4,3,3,3,2,0,4,0,0,5,AZ,4
42167812,5,5,5,5,5,5,5,5,5,2,2,6,0,0,4,WA,4
42167836,4,3,3,4,4,3,3,3,2,2,2,10,0,1,3,CO,4
42167863,4,2,3,4,4,2,2,2,3,2,0,7,0,1,3,MN,2
42167933,5,3,3,4,4,3,3,3,2,1,3,6,0,3,7,WA,4
42167949,5,2,4,2,3,2,2,2,2,2,2,4,0,2,5,TX,3
42168044,4,3,3,4,5,3,3,3,3,1,1,3,0,0,3,MO,2
42168080,4,4,4,4,4,4,4,4,4,1,2,10,0,3,5,TX,3
42168099,4,4,4,2,3,4,4,4,2,2,2,5,0,3,3,MD,3
42168113,3,3,3,3,4,4,4,5,4,1,3,8,0,0,5,MN,2
42168127,4,3,4,3,3,2,1,3,3,1,3,6,0,0,4,GA,3
42168190,5,2,2,4,3,2,2,2,2,1,2,10,0,2,3,MO,2
42168212,5,5,5,4,5,4,5,5,5,1,1,6,0,0,5,MD,3
42168219,5,4,4,3,5,4,5,5,5,2,1,7,0,0,5,ME,1
42168229,5,2,2,3,4,3,3,3,3,2,3,4,0,0,3,NJ,1
42168280,4,5,4,4,4,4,4,5,5,1,4,9,0,0,255,NJ,1
42168290,5,3,3,2,4,2,2,3,2,2,0,3,0,2,2,ME,1
42168317,4,3,4,3,4,4,4,4,4,2,4,5,0,0,2,MA,1
42168320,4,4,4,4,4,3,3,3,3,2,3,10,6,0,3,SC,3
42168324,5,4,4,4,4,3,3,3,3,2,0,3,0,0,3,WV,3
42168332,4,4,3,4,5,3,3,3,3,2,5,3,0,0,3,AL,3
42168357,2,1,3,4,5,3,5,5,5,1,4,3,0,0,7,IA,2
42168386,5,3,4,4,4,5,5,5,4,2,2,6,0,4,5,SD,2
42168440,4,3,3,4,3,2,2,2,2,2,1,4,0,2,3,MO,2
42168448,4,3,3,4,5,2,2,2,2,2,4,3,0,0,5,MO,2
42168490,5,2,3,3,1,2,2,2,2,2,3,10,0,2,2,KS,2
42168524,4,4,4,4,4,4,2,5,3,2,3,2,0,0,2,OK,3
42168534,5,2,2,5,3,3,3,3,3,1,3,6,0,1,5,CO,4
42168573,5,3,5,2,2,3,4,4,5,1,4,10,0,1,7,UT,4
42168583,5,4,4,3,3,4,4,4,3,2,1,8,0,0,4,AZ,4
42168592,4,3,4,4,4,3,3,3,3,2,4,1,0,0,255,CO,4
42168600,5,2,3,3,4,3,2,4,2,2,2,8,0,2,7,NM,4
42168618,4,4,4,4,3,5,3,2,2,2,3,5,0,2,5,FL,3
42168636,5,3,3,3,3,2,2,2,2,2,1,4,0,0,5,CO,4
42168643,4,3,4,5,5,4,4,3,1,2,1,5,0,0,3,CO,4
42168679,4,3,3,4,5,4,4,4,3,2,1,10,0,0,5,HI,4
42168694,5,3,5,3,4,5,5,5,5,2,0,3,0,0,5,WA,4
42168742,5,4,4,4,4,4,4,3,3,2,3,7,0,1,5,CA,4
42168762,5,4,4,3,5,4,4,4,3,2,2,6,0,0,2,CA,4
42168763,5,1,1,3,3,1,1,1,1,2,4,10,0,0,3,CA,4
42168781,5,3,4,4,4,4,4,4,5,1,2,5,0,0,4,CA,4
42168790,5,3,3,3,4,4,4,4,4,2,2,6,4,0,2,CA,4
42168800,5,2,3,3,4,2,2,3,3,2,3,7,0,0,5,FL,3
42168874,5,5,5,5,5,5,5,5,5,1,4,10,0,0,7,FL,3
42168902,5,2,2,3,5,3,2,2,2,1,2,6,0,0,4,FL,3
42168980,4,5,4,4,5,5,5,5,4,2,1,6,0,0,7,GA,3
42169006,5,3,3,3,4,3,3,3,3,2,2,5,0,0,7,IN,2
42169022,4,3,4,2,5,4,4,4,4,2,0,4,0,0,3,IN,2
42169037,4,2,3,3,3,3,3,2,2,2,3,10,0,0,5,IN,2
42169047,4,2,4,4,5,2,2,2,2,2,2,4,0,2,2,MI,2
42169073,4,4,4,3,3,3,4,3,3,2,1,5,0,0,5,MI,2
42169079,1,1,1,1,1,1,1,1,1,2,2,5,0,2,4,NC,3
42169135,5,4,3,2,4,2,2,2,2,2,0,10,0,0,3,NC,3
42169153,3,3,3,3,3,3,3,3,3,2,2,4,0,0,4,NC,3
42169184,5,3,4,5,5,2,1,1,1,2,4,10,0,0,2,NC,3
42169185,5,2,3,3,4,3,4,4,3,2,2,10,0,1,2,NY,1
42169208,5,4,4,3,3,4,4,4,4,2,3,2,0,2,2,NY,1
42169220,5,2,4,4,5,4,4,4,4,1,1,8,0,0,5,NY,1
42169274,4,4,4,5,5,5,5,5,5,1,2,7,0,2,2,NY,1
42169293,5,5,5,5,5,5,5,5,5,2,3,4,0,0,3,NY,1
42169426,5,5,4,4,5,5,5,5,5,2,3,6,0,0,4,OH,2
42169449,5,2,4,3,5,2,2,2,2,2,3,7,0,2,7,OH,2
42169497,4,2,4,3,5,3,2,3,2,1,4,5,0,0,5,OH,2
42169542,4,4,4,3,4,4,4,4,4,1,2,6,0,2,3,PA,1
42169576,4,3,5,3,3,4,4,4,4,2,4,6,0,0,7,PA,1
42169609,5,4,4,5,5,5,5,5,4,2,3,10,0,0,3,TX,3
42169704,5,3,3,4,4,3,3,3,4,2,2,4,0,0,2,WI,2
42169790,4,3,3,4,5,3,3,4,3,1,4,6,0,0,5,CA,4
42169792,4,4,4,4,4,4,4,4,4,1,3,7,0,0,3,CA,4
42169793,5,4,5,3,3,4,4,4,4,1,1,10,2,0,3,CA,4
42169824,5,3,3,3,4,3,3,3,4,2,4,4,0,0,5,WA,4
42169839,4,3,3,3,3,2,2,2,2,2,3,6,0,0,5,PA,1
42169850,5,4,4,2,3,3,3,4,2,1,2,7,0,2,7,MD,3
42169891,4,2,3,4,4,3,3,3,3,1,1,6,0,1,5,KY,3
42169939,5,5,5,3,5,5,5,5,5,1,3,10,0,2,5,MI,2
42169941,4,3,3,3,3,3,3,3,3,1,3,2,0,0,3,CO,4
42169980,5,4,4,5,5,4,4,3,2,1,1,7,0,0,7,MD,3
42169997,4,3,3,3,4,2,2,2,3,1,2,6,0,1,7,OH,2
42170044,4,2,2,3,3,1,1,1,2,1,3,5,0,0,4,NY,1
42170055,4,4,4,3,3,4,4,4,4,1,2,5,0,1,5,SC,3
42170057,5,3,5,5,5,3,3,3,3,2,3,2,0,0,3,KS,2
42170125,3,3,1,4,4,2,2,2,2,1,4,3,0,0,2,MO,2
42170193,4,2,3,3,4,2,2,2,3,2,0,4,0,0,5,KS,2
42170259,4,3,4,3,3,4,4,4,4,1,3,6,0,1,2,NJ,1
42170299,5,3,3,4,4,3,3,3,4,2,3,4,0,0,3,NH,1
42170314,4,4,4,4,4,4,4,4,4,2,1,5,0,2,2,MA,1
42170362,5,3,3,3,5,3,3,3,3,2,3,10,0,2,7,AL,3
42170392,5,4,4,3,3,3,4,3,4,2,2,2,0,0,5,AZ,4
42170422,4,3,3,4,3,3,3,3,3,2,2,10,0,0,3,CA,4
42170427,4,4,3,2,3,4,5,5,5,2,4,8,0,0,5,VT,1
42170444,5,3,4,4,4,3,3,3,3,2,2,4,0,2,2,IL,2
42170466,4,4,5,3,3,4,4,4,3,2,4,5,0,0,4,IN,2
42170491,4,5,4,3,4,4,4,4,3,2,2,2,0,2,4,NC,3
42170504,4,4,4,3,5,4,4,4,3,1,3,8,0,0,3,NY,1
42170510,5,4,4,4,5,4,4,5,4,1,4,10,0,0,2,OH,2
42170541,4,4,4,3,3,5,4,4,3,2,1,3,0,2,2,PA,1
42170543,5,4,4,4,5,1,1,4,4,2,1,6,0,0,5,TX,3
42170567,5,2,5,3,4,2,2,3,1,2,2,4,0,1,4,VA,3
42170571,4,4,4,3,5,4,3,3,2,2,2,5,0,0,4,IL,2
42170572,5,3,5,5,5,3,3,4,4,2,1,5,1,0,5,MD,3
42170582,5,3,4,3,4,1,2,4,4,2,4,10,0,0,5,TX,3
42170589,4,2,4,4,5,3,3,3,3,2,1,4,0,0,5,IN,2
42170632,4,4,4,4,4,4,5,5,3,2,1,5,0,0,7,CA,4
42170653,5,4,4,3,3,4,4,4,3,2,2,5,0,0,3,TX,3
42170665,5,3,3,3,3,3,2,2,3,2,0,1,0,0,5,CO,4
42170700,4,4,4,3,4,3,4,3,3,1,3,5,0,2,5,CA,4
42170708,4,2,2,3,3,3,3,2,3,2,1,7,3,2,3,CA,4
42170718,5,5,5,4,5,4,4,4,3,2,0,4,0,0,5,TX,3
42170837,4,4,4,3,2,3,3,4,4,2,4,3,0,0,7,KS,2
42170849,5,4,4,4,4,4,4,4,5,2,0,1,0,0,2,LA,3
42170854,5,2,4,5,5,2,2,2,2,2,2,7,0,2,5,RI,1
42170898,5,2,2,3,5,2,2,2,2,2,3,4,0,0,5,NH,1
42170925,4,3,3,4,5,3,4,4,4,2,2,5,0,0,255,TX,3
42171011,5,3,4,5,5,4,3,3,3,2,0,5,4,2,4,TX,3
42171039,5,3,4,4,5,3,3,3,3,2,0,3,0,2,4,FL,3
42171059,5,3,4,4,4,4,3,3,3,2,3,6,0,1,5,FL,3
42171181,5,4,4,3,5,3,3,3,3,2,0,4,0,0,5,MN,2
42171202,4,3,4,4,5,4,4,4,4,1,3,8,2,0,7,CA,4
42171314,4,4,3,3,3,3,2,3,2,1,2,7,0,3,7,TX,3
42171335,4,4,4,4,4,4,4,4,4,2,2,2,0,3,2,TX,3
42171369,5,3,4,5,5,3,3,3,3,2,4,5,0,0,2,FL,3
42171394,5,2,4,4,4,3,2,1,1,2,1,5,0,1,4,IA,2
42171525,5,5,5,5,5,5,5,5,5,2,2,5,0,0,3,MS,3
42171529,5,3,4,3,4,4,3,3,4,2,3,5,0,0,3,TX,3
42171533,5,3,4,3,5,4,4,4,4,2,0,3,0,0,5,WV,3
42171605,5,3,3,4,3,3,3,3,3,2,3,2,0,0,3,IA,2
42171715,4,3,3,4,4,3,3,3,4,2,1,4,0,1,2,PA,1
42171804,5,4,4,3,3,4,4,5,4,2,2,10,6,1,3,MA,1
42171854,5,3,4,3,4,4,4,4,2,2,1,10,0,0,7,FL,3
42171904,1,1,3,3,2,1,1,1,1,1,4,3,0,0,3,FL,3
42172018,5,3,4,5,5,3,4,4,3,2,4,10,0,0,2,FL,3
42172041,4,2,3,3,3,3,3,3,3,2,3,10,0,0,3,ND,2
42172110,3,3,3,3,3,3,3,3,3,2,1,6,0,0,4,MO,2
42172141,5,4,4,4,4,4,3,3,3,1,2,5,6,1,2,CA,4
42172175,4,3,3,3,5,4,4,4,4,2,2,10,0,3,4,MT,4
42172221,4,4,4,5,5,3,3,4,4,2,0,2,0,0,5,MI,2
42172253,5,5,5,5,5,5,5,5,5,2,1,10,0,2,3,OH,2
42172258,4,4,4,3,5,4,4,4,4,2,1,4,0,0,5,OH,2
42172324,5,3,4,5,4,2,2,2,2,2,2,5,0,1,3,GA,3
42172383,5,4,4,4,5,1,4,4,3,2,1,3,0,1,5,IN,2
42172384,5,4,5,5,5,4,5,5,4,1,4,3,0,0,3,IL,2
42172473,5,4,4,4,5,5,5,5,4,2,3,2,0,0,3,NH,1
42172486,5,3,3,3,2,2,3,3,3,2,1,4,0,2,3,CT,1
42172501,4,3,3,3,3,3,2,3,3,2,2,1,0,1,3,OH,2
42172519,4,3,3,3,4,3,3,3,3,2,0,6,4,0,3,CA,4
42172539,5,3,4,4,5,4,4,3,3,2,3,2,0,0,2,KY,3
42172548,3,3,3,3,4,2,3,3,3,2,1,3,0,1,5,OH,2
42172589,4,3,4,4,4,2,2,2,2,2,2,8,0,1,3,NJ,1
42172590,5,3,4,4,5,2,2,2,4,2,2,10,0,1,255,NH,1
42172616,5,5,5,5,5,5,5,5,5,2,2,7,0,3,5,NJ,1
42172673,5,4,4,4,4,5,5,5,5,2,2,7,0,2,3,MI,2
42172685,4,4,4,4,4,4,4,4,4,2,0,4,0,0,3,VA,3
42172694,4,3,4,4,5,4,3,3,3,2,2,5,0,0,3,IN,2
42172711,5,5,5,3,3,5,5,5,5,1,4,5,0,1,5,FL,3
42172712,5,3,3,4,5,2,2,2,3,2,2,4,0,0,4,MI,2
42172802,3,3,3,3,3,3,3,3,3,2,1,4,0,0,5,LA,3
42172831,4,3,4,4,4,3,3,3,3,1,4,6,0,0,7,AZ,4
42172846,4,4,4,4,3,3,3,4,3,2,1,2,0,0,5,TX,3
42172891,3,3,3,3,3,3,3,3,3,2,1,10,0,0,4,CA,4
42172988,4,3,3,3,3,4,3,3,2,2,2,4,0,0,3,CA,4
42173063,4,4,4,4,5,3,3,4,3,2,2,1,0,1,3,TX,3
42173091,4,4,3,4,5,3,3,3,3,2,2,5,0,2,3,OR,4
42173112,4,4,3,3,3,5,5,5,4,2,4,2,0,0,3,NY,1
42173126,4,4,4,3,4,4,4,4,4,2,3,10,0,1,255,FL,3
42173135,5,4,4,5,5,4,5,4,4,2,2,6,0,0,4,MI,2
42173157,5,3,3,4,5,2,3,2,1,2,3,5,0,1,7,FL,3
42173161,5,3,4,4,4,4,4,4,3,2,2,6,0,2,5,IN,2
42173163,4,3,3,2,3,3,3,4,3,2,0,3,0,1,3,PA,1
42173198,5,3,3,4,5,3,3,4,2,2,0,1,1,0,3,WV,3
42173213,5,4,5,5,5,4,4,4,4,2,3,7,0,2,5,TX,3
42173220,5,3,4,4,5,2,2,3,2,2,1,2,0,0,5,NE,2
42173237,5,3,2,2,3,1,1,1,1,2,1,5,0,0,3,OH,2
42173271,4,3,3,3,4,3,3,3,3,2,4,6,0,0,7,VA,3
42173289,4,3,4,4,5,4,4,4,3,2,3,4,0,0,3,NY,1
42173304,5,2,4,2,3,2,2,2,3,2,0,1,0,1,3,IA,2
42173335,4,4,3,4,5,4,3,3,2,2,2,5,0,1,2,KY,3
42173340,4,4,4,4,5,3,2,3,2,2,1,6,0,0,5,OH,2
42173342,5,5,3,3,4,4,4,4,5,1,4,6,0,1,4,MN,2
42173370,4,2,3,3,4,2,2,2,2,2,3,10,0,0,3,MI,2
42173414,4,1,3,3,5,3,3,3,3,2,3,5,0,1,3,LA,3
42173417,5,4,4,3,4,3,3,3,3,2,0,3,0,0,3,TX,3
42173422,5,1,5,5,3,1,1,1,1,2,3,5,0,0,5,MI,2
42173498,4,4,4,4,4,4,4,4,4,2,2,4,0,1,4,TX,3
42173561,4,4,4,4,4,4,4,4,4,1,2,5,6,0,2,NJ,1
42173577,5,2,3,4,5,3,3,4,4,1,0,5,4,0,5,PA,1
42173590,5,3,3,4,4,4,4,4,3,2,2,4,0,1,2,OH,2
42173617,5,4,4,4,4,3,3,3,3,2,2,1,0,1,4,MI,2
42173626,4,4,4,4,4,4,4,4,4,2,2,5,0,2,3,IN,2
42173654,4,3,4,2,4,4,4,4,3,2,1,4,1,1,5,NJ,1
42173705,4,3,3,4,4,5,5,4,3,2,2,2,0,1,4,LA,3
42173823,5,3,4,3,3,2,3,2,3,2,2,3,0,2,2,KS,2
42173847,5,3,4,3,3,5,5,5,5,1,2,3,0,0,3,NC,3
42173913,4,4,4,2,4,2,4,3,3,2,1,5,0,0,5,NC,3
42173934,5,5,4,5,5,4,4,5,4,2,0,3,0,0,3,KS,2
42173956,4,2,3,4,4,2,2,2,2,1,4,5,0,0,5,KS,2
42173959,5,3,4,4,5,4,3,4,4,2,4,4,0,0,7,NC,3
42174076,4,3,3,2,2,2,3,3,2,2,3,4,0,1,3,NC,3
42174106,5,5,5,5,5,5,5,5,5,2,0,4,0,0,2,NJ,1
42174113,5,4,4,4,5,3,3,3,4,2,1,3,0,1,3,UT,4
42174134,5,3,4,3,3,3,2,2,3,2,2,2,0,1,3,ID,4
42174182,5,3,4,3,4,4,4,4,2,1,3,6,0,3,7,NE,2
42174213,5,3,4,3,4,4,4,5,3,1,3,10,0,2,2,NJ,1
42174253,4,3,2,3,4,3,4,4,3,2,3,10,0,0,2,IL,2
42174329,4,4,4,3,4,4,4,5,5,1,3,8,0,0,7,PA,1
42174376,4,4,4,3,3,4,4,4,3,1,2,5,0,3,3,TN,3
42174422,5,4,4,5,5,3,3,3,3,1,3,7,0,2,5,OH,2
42174502,5,3,3,5,5,2,2,5,2,2,2,10,3,2,2,VA,3
42174526,4,2,2,4,1,2,1,2,2,1,4,5,0,0,3,OR,4
42174533,5,3,3,4,4,4,4,4,4,2,4,7,0,0,3,TX,3
42174575,4,3,3,5,4,3,3,3,3,1,1,7,0,0,7,WI,2
42174580,5,4,4,4,5,4,4,4,4,1,2,10,6,0,3,SC,3
42174678,4,3,3,3,3,2,2,2,2,2,4,10,0,0,5,WI,2
42174718,3,3,4,2,2,4,3,3,3,1,1,1,0,0,2,TX,3
42174743,4,4,4,4,4,4,5,5,5,1,2,7,0,2,7,IL,2
42174774,5,3,3,4,5,4,3,4,5,2,4,1,4,0,3,FL,3
42174824,5,3,4,3,3,2,2,3,3,2,4,4,0,2,2,GA,3
42174845,5,4,5,4,5,4,5,4,5,1,3,2,3,0,4,TX,3
42174869,4,3,3,4,4,4,4,4,4,1,3,6,0,0,7,TX,3
42174878,4,3,4,2,3,3,3,2,3,1,1,5,0,2,5,GA,3
42174924,3,4,4,4,4,4,4,4,4,1,2,6,0,2,3,TX,3
42174935,4,3,4,3,5,3,3,3,3,1,3,5,0,0,2,MD,3
42174985,5,5,4,4,5,4,4,4,4,2,0,3,0,0,4,AZ,4
42175012,4,3,4,3,4,3,3,3,2,1,0,2,3,0,3,TN,3
42175121,4,3,3,3,5,2,2,3,2,1,3,7,0,0,5,AZ,4
42175123,5,5,5,5,5,5,5,5,5,2,2,6,0,2,3,CA,4
42175132,5,3,3,4,4,3,3,3,3,2,3,1,0,0,2,CO,4
42175154,4,3,3,3,5,3,3,3,3,1,2,7,0,2,3,OR,4
42175155,5,3,3,4,4,4,4,4,3,1,3,7,0,0,5,ID,4
42175200,5,3,3,3,2,3,3,4,3,1,2,6,0,2,5,TX,3
42175201,5,5,5,3,4,3,4,4,1,1,3,2,0,1,3,MI,2
42175255,4,3,4,5,5,3,3,3,4,1,5,7,0,0,3,CA,4
42175292,4,3,3,3,4,3,3,3,2,1,2,5,0,4,7,CA,4
42175305,4,3,3,4,4,3,3,3,3,1,2,1,0,2,3,MO,2
42175366,5,4,4,5,5,3,3,4,4,1,4,6,0,0,5,FL,3
42175441,4,4,4,4,4,3,3,3,3,1,3,6,0,1,5,IN,2
42175545,4,3,3,3,4,3,2,3,3,2,4,3,0,1,7,NE,2
42175557,5,3,3,3,3,3,3,3,3,1,0,10,6,0,3,CT,1
42175579,5,3,3,3,3,4,4,4,4,1,3,6,0,2,5,VA,3
42175589,5,3,3,4,4,3,3,3,4,1,1,2,0,0,5,CA,4
42175606,5,4,4,5,5,3,3,3,3,2,3,3,0,0,4,OR,4
42175614,5,3,3,2,3,4,4,3,3,2,0,8,0,0,3,CA,4
42175730,5,3,3,4,5,3,3,3,3,1,3,5,0,0,7,TX,3
42175756,4,4,3,3,4,4,4,2,3,2,0,7,3,1,2,CA,4
42175795,5,3,3,3,3,2,3,3,2,2,0,4,0,0,5,MN,2
42175868,4,2,3,4,4,3,2,3,3,1,3,3,2,0,3,NY,1
42175872,4,4,4,4,4,4,4,4,4,2,2,5,0,3,2,MI,2
42175873,5,3,4,4,3,4,3,4,3,1,3,1,0,3,2,OK,3
42175929,4,2,3,3,4,3,3,3,2,1,2,8,0,0,5,IL,2
42175995,4,3,3,3,5,3,3,3,3,2,4,3,0,2,2,CA,4
42176015,4,4,4,4,3,4,3,3,4,1,2,7,0,2,7,MI,2
42176112,4,4,4,2,3,5,5,5,3,1,3,7,0,0,7,OH,2
42176116,4,3,3,4,5,3,4,3,3,1,2,7,0,3,2,SD,2
42176145,4,4,3,3,3,2,2,2,3,2,4,3,0,0,7,OH,2
42176150,4,4,4,4,4,4,4,4,4,1,2,6,0,4,7,TX,3
42176170,5,4,4,4,4,4,4,4,4,1,3,5,0,1,4,MI,2
42176198,5,4,5,4,4,5,5,5,5,1,2,4,0,0,7,AR,3
42176212,5,1,5,3,3,3,3,3,3,1,5,2,2,0,4,AZ,4
42176235,4,4,3,3,4,4,3,4,4,1,3,5,0,2,7,AL,3
42176276,4,2,2,4,5,3,2,2,2,1,3,6,0,0,7,FL,3
42176287,5,5,5,4,5,4,3,4,3,1,1,2,0,1,4,WA,4
42176293,5,5,3,4,4,3,4,4,1,1,3,7,6,0,5,IN,2
42176424,5,5,5,5,3,5,5,5,5,1,3,8,0,0,7,MO,2
42176471,4,3,4,4,4,3,3,3,2,1,2,5,0,2,5,IL,2
42176631,5,5,5,5,5,5,5,5,5,2,2,6,3,0,5,CA,4
42176692,4,4,4,3,4,4,4,4,4,1,1,9,0,1,7,KS,2
42176728,5,4,4,3,4,4,4,4,4,2,2,4,0,2,2,CA,4
42176842,4,4,4,3,3,3,3,3,2,1,1,6,0,0,5,CA,4
42176853,4,4,4,4,4,3,3,2,2,1,2,9,0,3,5,NJ,1
42176856,5,3,3,4,4,4,3,3,3,1,3,5,0,2,2,TX,3
42176893,5,4,4,5,5,4,3,3,3,1,1,7,0,1,5,CA,4
42176991,4,4,4,3,4,3,3,3,3,2,2,5,0,2,7,CA,4
42177045,4,3,4,3,2,2,3,2,2,1,2,9,0,3,7,NJ,1
42177096,5,3,4,4,3,5,5,5,4,1,3,6,0,2,3,NY,1
42177132,5,5,5,5,5,5,5,5,5,1,4,7,0,0,5,MO,2
42177201,5,4,3,5,5,4,4,4,3,2,2,6,0,3,7,GA,3
42177222,5,4,4,4,5,4,4,4,4,2,2,10,0,1,2,FL,3
42177224,4,5,4,3,3,5,4,4,4,1,5,7,0,0,5,CO,4
42177297,5,4,4,3,5,3,3,3,3,2,1,6,0,3,3,AR,3
42177316,4,4,2,2,4,2,2,2,2,2,4,1,0,0,5,CO,4
42177329,4,1,2,4,5,2,1,1,1,2,2,6,0,1,2,WI,2
42177355,5,2,3,3,4,1,1,1,1,1,3,6,0,1,7,MA,1
42177381,5,3,3,3,3,5,4,4,1,1,2,8,0,0,7,NM,4
42177407,5,4,4,3,2,5,4,4,5,1,1,3,0,0,7,LA,3
42177411,4,4,4,5,5,3,3,4,4,1,2,10,0,2,7,PA,1
42177441,4,2,2,3,4,2,2,2,2,1,0,10,0,0,4,NE,2
42177536,5,4,4,5,5,4,3,4,4,2,1,5,0,0,5,MN,2
42177574,4,4,3,3,5,3,3,3,3,1,3,7,0,0,3,NJ,1
42177575,4,4,3,4,4,4,4,4,3,2,1,5,0,0,5,TX,3
42177634,4,3,4,4,5,4,3,4,4,1,2,5,0,1,7,WV,3
42177646,5,3,3,4,5,2,2,2,2,2,2,2,0,4,2,MI,2
42177648,4,3,3,4,4,3,3,3,3,2,1,6,0,0,5,NC,3
42177661,5,4,3,3,4,4,3,3,4,2,2,10,0,0,5,SC,3
42177671,5,5,5,3,5,5,5,5,5,1,2,5,0,1,5,WI,2
42177761,4,3,3,4,5,3,3,3,3,2,3,6,0,1,5,MN,2
42177779,4,2,3,4,4,2,1,2,2,1,1,4,0,0,5,IL,2
42177800,4,3,3,3,4,3,2,2,2,2,2,5,0,4,4,ME,1
42177821,4,2,3,2,5,4,4,4,3,2,0,3,0,0,3,SC,3
42177906,4,4,4,4,4,4,4,4,4,2,3,1,0,0,3,NC,3
42177936,4,3,2,3,3,2,2,2,3,2,4,6,0,0,5,PA,1
42177947,4,4,4,3,4,3,4,4,4,2,3,5,0,2,3,WA,4
42177983,5,3,3,4,4,3,3,4,4,1,3,6,0,0,5,MA,1
42178013,4,3,3,4,4,3,3,2,3,2,4,6,0,2,3,MO,2
42178040,5,2,4,4,5,3,4,3,3,1,4,6,0,0,255,SC,3
42178104,5,3,3,4,5,4,3,3,4,2,1,4,0,0,5,MN,2
42178108,4,4,4,4,4,4,4,4,4,2,1,3,0,0,5,MN,2
42178118,5,4,4,4,5,2,1,1,1,2,2,2,0,1,255,NC,3
42178119,4,3,3,4,4,2,3,3,1,2,3,5,0,0,3,OK,3
42178123,5,4,4,4,5,3,3,3,3,1,3,10,3,0,7,WA,4
42178166,4,3,3,2,3,3,4,3,3,1,2,7,0,4,4,OH,2
42178185,4,3,4,4,4,4,4,4,4,2,1,5,0,0,3,IN,2
42178208,4,3,2,3,4,3,2,3,2,1,1,7,0,0,5,NJ,1
42178259,4,3,4,3,3,4,4,4,3,1,4,10,4,0,4,TN,3
42178276,4,3,4,4,5,4,4,4,3,1,1,5,0,2,3,PA,1
42178278,5,4,4,3,4,4,4,5,3,2,3,5,0,0,3,MD,3
42178375,4,4,4,3,4,4,5,5,3,2,2,2,0,1,3,MA,1
42178384,4,3,1,1,3,3,4,4,3,2,3,6,0,0,5,VA,3
42178475,4,2,3,5,5,3,4,4,3,2,3,10,0,0,3,NC,3
42178485,4,3,4,5,4,2,2,2,3,2,2,7,0,2,4,DE,3
42178502,5,4,4,3,4,4,4,3,4,2,2,4,0,0,5,NE,2
42178630,4,3,3,4,4,3,3,3,3,2,1,10,0,1,3,GA,3
42178649,5,3,5,2,4,3,3,3,2,1,2,6,0,1,5,WY,4
42178652,1,3,2,1,3,4,5,2,1,1,2,3,0,3,3,IA,2
42178672,5,3,3,4,4,3,3,3,3,2,0,4,0,0,3,TN,3
42178687,3,2,2,3,4,3,3,3,3,2,2,3,0,0,3,MN,2
42178792,5,3,4,5,5,3,3,3,4,1,0,4,0,0,4,NY,1
42178874,5,4,4,4,5,4,4,4,4,2,3,5,0,0,3,KS,2
42178909,5,3,4,4,4,2,2,4,4,2,1,10,0,0,3,MN,2
42178914,5,4,5,5,5,3,3,4,5,1,2,5,0,3,5,OH,2
42178979,4,4,5,4,5,3,3,4,4,2,2,4,1,1,4,GA,3
42179045,5,2,3,5,5,3,4,4,4,2,2,4,0,0,5,WA,4
42179068,4,2,5,4,3,2,2,2,2,2,2,5,0,1,4,NY,1
42179105,3,3,3,3,3,3,3,3,3,2,3,10,0,0,5,NC,3
42179137,5,3,4,4,4,3,3,3,1,2,1,10,0,0,5,PA,1
42179250,5,3,4,4,4,2,2,2,3,1,3,5,0,3,3,CA,4
42179291,5,5,5,5,5,4,4,4,4,2,3,10,0,0,4,FL,3
42179334,5,4,3,3,3,3,3,3,3,2,2,1,0,0,2,SD,2
42179407,5,5,5,4,3,5,5,5,5,2,3,7,0,2,3,MI,2
42179492,5,3,3,2,4,2,2,2,2,1,3,10,0,1,5,TX,3
42179553,4,2,3,3,3,2,2,2,2,2,1,5,0,0,7,NC,3
42179557,4,4,4,3,5,3,4,4,4,2,0,5,0,1,5,CO,4
42179578,5,4,4,4,4,4,3,5,3,2,3,1,0,0,4,OK,3
42179580,4,3,2,5,4,2,2,2,2,2,1,4,0,0,7,MO,2
42179599,4,4,5,4,4,3,2,3,3,1,4,5,0,0,7,NY,1
42179656,5,3,4,4,5,2,2,2,2,1,2,1,0,0,3,KY,3
42179685,5,3,4,4,4,3,3,3,3,2,3,7,0,0,5,PA,1
42179697,4,4,4,2,4,4,4,4,2,2,3,7,0,0,2,GA,3
42179828,4,2,4,4,5,2,2,2,2,1,2,3,0,3,3,NE,2
42179829,5,5,5,5,5,5,5,5,5,2,3,2,0,0,2,CO,4
42179899,5,3,3,4,4,4,4,3,3,2,0,5,0,1,3,KY,3
42179904,4,2,3,4,4,3,2,2,2,1,2,5,0,0,2,MN,2
42180403,5,3,3,5,5,5,4,5,4,2,1,5,2,0,5,OK,3
42180423,5,3,3,4,4,3,2,3,3,2,0,1,0,0,5,MO,2
42180439,4,3,3,3,5,3,3,3,3,1,2,8,0,2,2,FL,3
42180548,4,4,3,3,3,4,4,4,3,2,2,6,0,0,3,CA,4
42180550,3,3,3,3,3,3,3,3,3,2,4,2,0,0,2,TN,3
42180611,4,4,4,4,4,4,4,4,4,2,0,4,0,1,2,TN,3
42180768,4,4,4,3,4,3,4,5,2,2,3,10,0,0,2,WI,2
42180870,5,4,4,5,3,3,3,3,3,2,3,2,0,0,5,PA,1
42180921,5,4,4,4,5,5,4,3,2,1,4,8,2,0,7,FL,3
42180971,5,3,3,5,4,3,3,2,3,2,1,4,0,3,5,LA,3
42181141,5,4,4,4,4,3,3,3,3,2,2,5,0,2,5,MI,2
42181453,5,5,3,3,3,4,5,5,3,2,1,5,0,0,2,TN,3
42181484,5,3,3,3,5,3,3,3,3,2,1,5,0,0,7,VA,3
42181544,5,4,4,4,5,5,5,5,5,1,3,6,0,0,5,MI,2
42181681,5,4,4,4,4,4,4,4,4,2,1,7,0,1,3,NV,4
42181744,5,3,3,4,4,3,3,3,3,2,1,4,0,0,7,AL,3
42181944,5,3,4,4,3,3,3,3,3,2,2,7,0,0,3,PA,1
42181966,4,2,2,3,5,3,3,3,3,1,4,6,0,0,5,IN,2
42182086,4,3,3,4,4,3,3,2,2,2,3,6,0,2,4,FL,3
42182193,4,2,3,3,4,3,3,3,2,2,2,4,0,1,3,CO,4
42182354,5,4,4,4,5,5,5,5,5,2,1,5,0,0,4,CA,4
42182441,5,3,3,4,5,5,5,3,4,2,2,5,0,3,5,IN,2
42182628,5,3,4,2,5,4,4,5,5,2,3,5,0,1,2,WI,2
42182685,5,4,4,5,5,4,4,4,3,2,2,10,0,0,5,VA,3
42183280,5,2,3,3,4,2,2,2,2,2,2,5,3,0,5,CA,4
42183364,5,2,5,4,3,3,3,3,2,1,2,5,0,1,4,WA,4
42183394,4,4,5,4,5,4,4,4,4,2,4,6,0,0,7,OK,3
42183677,5,3,5,5,5,4,4,4,4,2,3,5,0,0,4,NC,3
42183796,4,3,4,4,4,3,3,3,3,2,1,5,1,2,7,VA,3
42183825,5,4,4,4,4,3,3,2,3,2,1,8,0,0,7,MN,2
42183930,4,3,4,4,4,2,2,2,2,2,3,10,0,0,5,NC,3
42183968,5,4,5,4,5,5,5,5,4,2,1,5,0,1,5,ME,1
42184004,5,5,5,5,5,5,5,5,5,1,2,5,0,0,2,WI,2
42184020,4,3,2,3,4,4,5,5,3,2,3,6,0,2,4,IN,2
42184133,4,2,3,3,5,4,3,3,3,2,1,6,0,0,4,MO,2
42184211,5,4,2,3,4,3,3,3,2,2,0,4,0,0,7,KY,3
42184269,5,3,3,3,4,3,3,4,3,2,3,4,0,0,2,PA,1
42184320,4,3,4,4,4,5,4,4,4,2,2,10,0,3,5,PA,1
42184436,3,2,4,4,4,3,2,2,2,2,2,2,0,2,2,MI,2
42184536,4,3,3,2,3,2,3,3,2,2,3,10,0,1,5,NY,1
42184566,5,4,5,4,5,4,4,4,3,1,3,5,0,0,7,ME,1
42184597,5,4,5,3,2,3,1,1,1,2,0,4,0,0,4,IN,2
42184602,4,4,5,3,5,4,5,4,4,1,4,5,0,0,7,PA,1
42184653,5,4,4,1,3,4,4,4,4,2,0,6,0,1,2,NY,1
42184656,5,4,4,4,4,5,4,4,4,2,3,4,0,0,2,OH,2
42184670,4,4,4,2,4,5,5,5,5,2,3,10,0,0,2,MI,2
42184689,4,4,4,4,4,4,4,4,3,2,3,2,0,0,5,VA,3
42184693,5,3,4,4,5,3,3,3,3,2,2,6,0,0,2,WV,3
42184719,4,3,3,2,4,3,2,3,2,2,1,4,0,0,4,PA,1
42184783,4,4,4,4,4,4,4,4,4,1,1,10,0,0,5,OH,2
42184810,5,3,5,5,5,3,3,3,3,2,2,5,0,3,4,OH,2
42184869,5,3,3,2,3,3,2,3,3,2,2,6,0,1,5,RI,1
42184941,4,4,4,4,4,4,3,3,4,2,1,6,0,0,5,MI,2
42185107,4,4,4,1,5,4,4,4,3,2,1,5,0,1,5,RI,1
42185125,4,4,4,4,4,5,5,5,4,2,1,4,0,0,3,PA,1
42185128,5,5,5,4,4,4,3,4,4,2,2,10,0,2,3,MN,2
42185147,5,5,5,5,5,5,5,5,5,2,3,1,0,0,3,NE,2
42185153,5,5,5,5,5,5,5,5,5,2,2,5,0,2,5,MI,2
42185159,5,3,5,5,5,3,3,3,3,2,1,6,0,0,5,PA,1
42185180,5,3,4,2,5,4,4,4,4,2,1,7,0,0,4,PA,1
42185182,5,4,3,3,4,3,3,3,3,2,2,1,0,0,5,SD,2
42185236,5,3,3,2,3,4,4,4,4,2,1,5,0,0,5,PA,1
42185303,4,3,3,4,5,3,3,3,3,2,3,1,0,0,2,IN,2
42185337,4,4,4,4,5,4,4,4,4,2,1,4,0,0,5,MN,2
42185429,5,5,5,4,5,5,5,5,5,1,4,6,0,0,3,IN,2
42185430,4,3,3,4,4,3,3,3,3,2,2,10,0,2,2,KY,3
42185514,5,4,4,4,5,5,5,5,5,2,4,1,6,0,5,OR,4
42185528,4,4,4,4,5,5,5,5,4,1,2,9,0,0,3,TX,3
42185549,5,4,4,3,3,3,3,3,3,2,1,5,0,1,7,KS,2
42185559,5,5,5,5,5,5,5,5,5,2,3,10,0,1,5,IN,2
42185653,4,4,4,3,5,3,3,3,3,2,4,7,0,0,3,CA,4
42185684,5,5,5,5,5,5,5,5,5,1,2,4,0,2,7,CT,1
42185767,4,3,4,4,5,5,5,5,5,2,2,5,5,1,7,TX,3
42185797,4,3,4,4,5,4,4,4,4,1,3,6,0,3,4,AL,3
42185814,5,3,3,3,4,4,4,4,4,2,3,2,0,0,7,LA,3
42185820,5,4,5,3,4,5,5,5,4,2,3,6,0,0,3,CA,4
42186002,5,3,3,4,5,2,3,3,3,2,0,5,0,0,5,HI,4
42186011,5,4,3,3,2,2,3,3,3,2,3,5,0,1,3,PA,1
42186086,4,4,4,3,5,2,2,4,3,2,0,6,0,0,3,NJ,1
42186120,5,5,5,4,5,5,5,5,5,2,2,3,0,1,2,VT,1
42186168,4,2,2,2,4,3,3,3,3,1,3,1,0,0,3,LA,3
42186180,5,5,5,4,5,5,5,5,5,2,2,2,0,1,3,MI,2
42186201,4,3,3,4,4,2,2,2,1,2,0,4,0,0,4,NJ,1
42186221,5,4,4,3,4,4,4,4,4,1,4,5,0,0,7,NJ,1
42186258,5,5,5,5,5,5,5,5,5,2,1,6,0,0,5,MO,2
42186288,4,3,4,4,4,4,3,4,3,1,4,9,0,0,7,NY,1
42186289,4,3,4,5,5,3,3,3,4,1,4,3,0,0,5,FL,3
42186299,5,1,1,2,5,1,1,1,2,2,2,3,0,2,3,IA,2
42186416,4,3,3,3,4,2,2,2,2,2,1,10,0,0,7,TX,3
42186438,5,5,3,4,5,4,3,3,1,2,0,2,0,0,2,FL,3
42186534,5,3,4,4,4,3,4,4,3,2,1,6,0,0,4,FL,3
42186764,5,3,4,3,5,3,3,3,3,2,0,1,0,0,4,GA,3
42186812,5,4,4,3,4,3,3,3,3,2,3,7,0,1,7,LA,3
42186941,4,4,3,4,5,4,4,4,4,2,0,2,1,0,3,TX,3
42187154,4,4,4,4,4,4,4,4,4,1,2,6,0,0,3,CO,4
42187383,5,2,2,3,5,2,2,2,2,2,0,1,0,0,5,AR,3
42187462,4,4,4,4,5,5,4,2,3,2,4,10,0,0,3,TX,3
42187511,5,3,3,4,5,2,2,2,3,2,0,4,0,1,2,ND,2
42187644,5,3,4,4,5,2,2,3,3,2,3,5,0,0,255,FL,3
42187789,4,3,3,4,5,3,2,2,2,2,2,5,0,2,3,NM,4
42187856,5,2,4,5,5,1,1,4,5,1,4,10,0,0,2,TX,3
42187980,4,4,5,5,5,4,3,3,3,2,3,5,0,0,5,VA,3
42188006,5,5,4,4,4,4,5,5,4,2,0,4,0,0,7,MD,3
42188017,5,3,3,4,4,3,3,3,4,2,0,10,6,0,5,NM,4
42188063,4,3,3,3,3,3,3,3,3,2,1,4,0,0,5,NJ,1
42188177,4,3,4,2,4,2,2,3,3,2,2,7,0,0,3,AR,3
42188183,3,2,3,3,4,2,2,3,1,2,4,2,1,0,3,OK,3
42188219,5,5,5,3,4,5,3,4,4,2,2,7,0,0,7,AZ,4
42188336,5,3,3,3,3,3,3,3,3,2,2,7,0,0,5,UT,4
42188595,5,3,3,4,5,4,4,3,4,2,2,7,0,1,3,MD,3
42188625,4,2,3,2,5,3,3,3,3,2,1,5,3,0,5,LA,3
42188649,4,3,4,3,3,3,3,3,2,2,1,4,0,2,3,MS,3
42188672,5,4,5,3,5,4,5,5,5,2,1,10,0,0,7,TX,3
42188677,4,3,3,3,4,3,3,3,3,1,2,5,0,2,3,LA,3
42188690,5,3,4,4,4,4,4,4,4,2,2,10,6,0,7,LA,3
42188702,4,2,3,2,4,2,2,3,3,2,3,1,0,0,2,AR,3
42188760,4,3,3,3,4,3,3,4,3,2,1,2,0,4,2,NC,3
42188761,4,4,3,3,3,3,3,3,3,2,3,2,0,2,2,MO,2
42188768,4,3,3,3,4,3,3,3,4,2,4,10,0,0,2,LA,3
42188780,5,5,5,5,5,5,5,5,5,2,0,3,0,0,3,TX,3
42188792,5,4,5,3,3,4,4,1,1,2,1,3,0,0,3,TX,3
42188910,5,3,3,4,4,2,3,3,3,2,3,3,0,0,4,TN,3
42188971,4,3,4,5,5,4,4,4,3,2,0,2,0,0,2,OK,3
42189160,5,4,4,5,5,3,3,3,4,1,1,3,0,0,4,FL,3
42189183,5,4,5,5,5,5,5,5,5,1,3,6,0,2,5,CA,4
42189228,5,3,3,4,4,2,2,2,3,2,3,6,0,0,3,GA,3
42189340,4,4,4,4,3,3,3,4,3,2,1,5,0,0,3,CA,4
42189346,4,3,3,4,4,3,3,3,2,2,1,10,0,0,7,CA,4
42189350,4,3,2,3,4,4,4,3,2,2,4,7,0,0,5,LA,3
42189399,4,4,3,3,4,4,4,4,4,2,2,10,0,1,2,MS,3
42189401,4,4,4,5,4,4,3,4,4,2,3,1,0,0,2,MS,3
42189439,4,4,4,3,4,5,5,5,5,2,2,4,1,3,3,TN,3
42189523,4,3,3,3,4,4,4,3,3,2,1,4,6,0,4,IA,2
42189541,5,4,4,4,3,3,3,3,4,2,2,4,0,0,3,IA,2
42189728,4,3,4,4,5,4,4,4,3,1,2,1,0,0,3,NV,4
42189779,4,3,4,5,3,2,4,4,3,2,2,4,0,3,4,IA,2
42189788,1,1,1,1,1,2,2,2,1,1,1,3,0,0,4,CA,4
42189873,5,5,5,2,5,5,5,5,5,1,1,4,0,0,2,MN,2
42189880,5,4,4,4,4,3,4,4,4,2,1,10,6,4,3,TX,3
42189950,4,3,4,3,3,2,2,3,2,2,0,5,0,0,4,TX,3
42190079,5,3,3,3,4,3,2,2,2,1,4,7,0,2,5,FL,3
42190081,4,4,4,5,4,4,4,4,4,1,2,4,0,0,5,FL,3
42190126,4,4,4,4,5,3,3,3,4,2,2,4,0,0,3,CO,4
42190214,5,5,5,5,5,5,5,5,5,2,2,5,0,2,3,FL,3
42190630,4,2,2,4,5,3,3,3,3,1,4,5,2,0,3,TX,3
42190677,4,3,3,3,4,4,4,4,2,2,3,2,0,1,3,MS,3
42190781,4,3,4,5,5,3,3,4,4,2,1,4,0,0,5,WY,4
42190817,5,3,3,4,4,3,3,3,2,2,2,7,0,2,2,CO,4
42190908,4,3,3,4,4,5,5,5,4,2,1,4,0,0,3,WA,4
42190963,4,3,4,4,5,3,4,4,3,2,0,6,0,1,3,VA,3
42191054,5,4,4,3,4,3,3,3,3,2,1,8,0,0,7,MI,2
42191103,4,3,3,2,5,3,3,3,3,2,2,4,0,2,4,OK,3
42191270,5,4,4,5,5,4,4,3,3,2,1,5,0,2,4,MO,2
42191314,4,4,4,3,3,4,4,4,4,2,1,5,0,0,7,PA,1
42191412,4,3,3,5,5,2,3,4,2,2,1,10,3,0,7,NJ,1
42191459,5,3,3,3,5,3,3,3,3,2,1,6,0,2,5,OK,3
42191489,5,3,4,4,5,3,3,3,4,2,1,3,0,2,5,NM,4
42191580,5,3,3,5,5,1,3,4,5,2,0,5,0,3,3,MI,2
42191628,4,1,3,3,3,2,2,2,2,2,3,1,0,0,2,TN,3
42191675,5,3,3,4,4,3,2,2,3,1,4,6,0,0,5,WI,2
42191683,3,4,4,3,5,5,4,4,3,2,2,7,0,1,2,PA,1
42191763,5,4,4,4,5,4,4,4,4,2,3,5,0,0,2,TX,3
42191894,4,3,2,2,3,4,3,4,3,2,0,6,0,0,5,AZ,4
42191942,4,3,3,3,3,3,3,4,4,2,4,4,0,0,3,WY,4
42192041,5,3,3,3,4,4,4,3,4,2,3,7,0,0,3,AZ,4
42192239,5,3,3,4,5,4,4,3,3,2,3,5,0,0,4,AZ,4
42192321,5,4,4,3,3,4,4,4,4,2,0,10,0,0,3,WY,4
42192405,4,3,3,3,4,3,2,2,3,2,3,6,0,0,3,MO,2
42192536,4,2,3,4,4,3,3,3,3,2,3,4,0,0,2,IL,2
42192564,5,3,3,5,5,4,4,5,4,2,3,4,0,0,3,PA,1
42192721,3,3,3,5,5,3,3,3,5,2,3,5,0,0,5,IA,2
42192776,3,3,3,4,4,4,4,3,4,2,3,1,0,0,255,PA,1
42192809,5,3,3,4,5,3,3,3,3,2,1,6,0,0,5,MD,3
42192821,5,3,3,4,5,3,4,5,4,2,3,10,0,1,2,MA,1
42192859,4,4,3,2,4,3,4,4,3,2,2,3,0,1,2,RI,1
42192894,5,4,4,5,5,4,4,4,5,1,2,4,0,0,5,GA,3
42192901,4,4,4,3,3,3,4,5,3,2,4,5,0,0,3,CA,4
42193112,5,4,5,4,4,5,5,4,4,1,1,8,0,0,5,GA,3
42193182,3,4,4,3,3,3,3,3,4,2,3,7,0,0,7,CA,4
42193190,5,4,4,4,5,4,4,4,5,2,2,4,0,0,2,OH,2
42193397,5,5,5,5,5,4,3,3,3,1,3,7,0,0,3,MO,2
42193460,4,4,4,3,4,4,4,4,3,2,1,6,0,1,3,IN,2
42193467,5,3,4,5,5,3,3,4,4,2,1,6,0,0,7,PA,1
42193478,4,4,4,4,4,4,4,4,4,2,1,6,0,1,5,NJ,1
42193613,4,4,4,3,5,4,4,4,3,2,2,4,0,1,4,PA,1
42193651,4,2,3,5,5,1,1,2,3,2,0,5,0,0,3,WI,2
42193729,5,2,2,3,5,2,3,4,2,2,2,5,0,3,7,PA,1
42193841,4,4,3,3,3,4,4,4,4,2,3,5,0,0,255,OH,2
42193874,4,4,4,4,5,4,4,4,5,2,1,4,0,2,3,NJ,1
42193907,4,3,3,4,4,3,3,3,3,2,1,5,0,0,7,MD,3
42193911,4,3,4,5,5,3,3,4,3,2,2,6,0,0,5,NY,1
42193988,4,4,3,3,3,3,3,3,3,2,2,5,0,0,3,MN,2
42194007,5,3,3,3,3,3,3,3,3,2,1,5,0,0,7,WV,3
42194040,5,5,5,5,5,5,5,5,5,1,1,5,0,2,7,NY,1
42194059,4,4,4,4,4,4,4,4,4,1,3,1,0,0,3,NC,3
42194105,5,3,3,4,5,3,3,3,3,1,3,4,0,0,3,ME,1
42194119,5,4,4,4,5,5,5,5,5,2,4,1,0,0,3,MN,2
42194363,4,3,3,4,5,5,5,5,3,1,3,5,0,1,4,OH,2
42194391,4,5,3,2,4,5,4,4,3,2,2,6,0,3,2,NC,3
42194576,4,2,2,4,4,2,1,1,1,2,1,3,0,2,3,PA,1
42194659,5,4,4,5,4,3,3,3,3,1,3,7,4,1,5,WA,4
42194816,4,3,3,5,4,5,4,5,4,1,3,5,0,0,5,VA,3
42194845,4,3,3,4,5,4,3,3,3,1,3,8,0,2,7,NJ,1
42194862,5,4,4,4,5,4,4,4,4,1,2,9,0,2,5,TX,3
42194916,4,3,3,4,4,3,3,3,4,1,2,8,0,0,7,IL,2
42195023,4,4,4,4,5,4,4,4,4,1,3,5,0,0,4,IL,2
42195040,4,4,4,4,5,2,3,2,4,1,3,6,0,0,5,AZ,4
42195043,5,5,5,5,5,5,5,5,5,2,0,5,0,1,3,TX,3
42195225,5,4,4,3,3,4,3,4,4,1,4,7,0,0,5,NJ,1
42195226,5,4,4,4,4,4,4,4,4,2,2,6,0,1,5,LA,3
42195250,5,3,5,3,5,4,4,5,5,1,3,4,0,1,2,CT,1
42195280,5,5,5,4,5,5,5,5,5,1,2,6,0,3,5,FL,3
42195304,4,3,4,4,5,3,3,4,4,1,2,9,0,2,7,CA,4
42195373,4,3,3,2,4,3,5,5,3,1,1,5,3,0,5,CA,4
42195408,4,4,4,4,4,4,4,4,4,1,2,6,0,2,2,WV,3
42195422,5,5,5,4,4,4,4,4,4,2,1,7,0,1,3,IL,2
42195425,5,5,3,3,5,5,5,5,5,1,1,5,0,0,5,NJ,1
42195441,4,3,3,4,5,4,3,3,2,2,2,3,0,3,2,NC,3
42195492,5,3,3,4,5,3,4,4,3,2,2,5,0,0,3,TX,3
42195621,5,3,3,3,5,2,3,3,2,2,2,10,3,1,7,TN,3
42195830,4,4,4,4,5,4,4,4,4,2,1,4,0,0,5,CA,4
42196035,5,4,4,2,4,5,5,4,4,2,3,10,0,0,2,CO,4
42196303,3,3,3,3,4,4,3,4,4,2,1,5,0,0,7,CA,4
42196606,4,2,4,5,5,3,3,3,3,2,0,5,0,0,3,RI,1
42197369,5,3,4,3,5,4,4,5,5,2,0,4,0,0,3,GA,3
42197539,4,2,3,3,4,2,2,2,3,2,0,1,0,0,3,CA,4
42197667,4,3,3,3,4,4,3,3,3,2,1,5,0,0,7,VA,3
42197857,4,3,3,4,3,3,3,3,3,2,3,10,0,0,2,MA,1
42197912,4,3,4,5,5,5,5,5,4,2,0,1,0,0,5,WI,2
42197926,4,4,3,4,4,4,4,4,3,2,2,1,0,0,3,IL,2
42198099,4,4,3,1,2,5,5,5,2,2,1,5,0,0,5,MO,2
42198151,5,5,5,4,4,4,4,5,4,2,2,5,0,2,3,MO,2
42198253,5,5,5,5,5,5,5,5,5,2,2,9,0,2,4,NY,1
42198296,5,4,4,2,4,5,5,5,5,2,1,6,0,0,5,MD,3
42198335,4,5,4,3,4,4,4,4,3,1,2,4,0,4,3,OH,2
42198552,4,4,3,3,3,3,3,3,2,2,2,6,5,2,4,CA,4
42198670,5,4,4,2,2,2,2,3,2,2,1,7,0,0,255,TX,3
42198671,5,3,4,4,3,3,3,3,4,2,1,3,6,0,7,WI,2
42198710,5,3,3,3,3,3,3,3,4,2,1,5,0,2,3,OH,2
42198747,4,3,4,4,4,2,2,2,3,1,2,5,0,1,7,CO,4
42198994,4,3,2,3,4,3,3,3,2,2,1,6,5,0,255,LA,3
42198999,4,3,2,3,3,3,3,4,3,2,1,3,0,3,4,WI,2
42199002,1,1,1,1,1,3,3,3,2,2,4,8,5,0,2,TX,3
42199036,5,3,4,4,5,4,4,4,4,2,2,5,0,1,3,FL,3
42199082,5,4,4,5,5,5,4,4,5,1,3,6,3,2,5,CA,4
42199222,4,3,3,4,5,3,3,3,3,2,1,5,0,0,4,FL,3
42199259,4,4,4,4,4,4,3,3,3,2,1,5,0,0,5,AZ,4
42199277,5,5,5,5,5,5,5,5,5,2,0,10,3,0,255,FL,3
42199300,3,4,1,1,4,4,4,4,2,1,1,4,0,0,2,MS,3
42199409,4,4,4,4,4,4,4,4,4,2,1,3,2,2,2,TX,3
42200088,2,4,3,4,4,3,3,4,3,1,1,3,0,0,5,NJ,1
42200131,4,3,4,2,3,3,3,3,3,1,3,7,6,0,3,NY,1
42200212,5,5,5,5,3,5,5,5,5,2,1,5,0,0,5,NJ,1
42200215,5,4,4,3,3,3,3,4,2,1,3,10,0,0,7,TN,3
42200303,4,3,4,4,5,5,5,5,5,1,3,7,0,0,5,IL,2
42200317,5,5,5,5,5,5,5,5,5,1,2,7,0,2,7,CO,4
42200318,5,3,4,4,4,3,3,3,3,1,2,5,0,2,5,MI,2
42200340,4,3,3,3,4,3,3,3,3,1,3,5,0,0,7,VA,3
42200404,5,3,3,3,2,2,2,3,3,2,1,4,0,0,3,TX,3
42200442,5,4,3,1,3,4,4,4,1,2,2,3,0,2,2,GA,3
42200602,4,3,3,3,4,4,4,4,4,1,3,5,0,1,5,CA,4
42200698,5,3,4,3,4,5,5,5,5,1,2,7,0,2,7,NJ,1
42200792,5,3,5,2,5,3,3,4,5,1,3,2,0,0,4,OR,4
42200885,5,4,4,5,5,5,5,5,4,1,4,3,4,0,3,FL,3
42201024,5,4,3,3,4,3,3,4,3,2,2,6,0,0,5,IN,2
42201031,4,4,4,2,4,4,4,4,3,1,2,3,0,3,5,WI,2
42201088,5,4,4,5,5,5,5,5,5,1,2,5,0,1,5,AZ,4
42201163,5,3,3,4,4,2,2,3,3,1,2,10,0,1,5,CA,4
42201181,4,3,4,3,4,2,2,2,2,1,2,1,0,1,2,FL,3
42201300,5,4,4,4,4,4,4,4,4,2,1,5,0,0,5,MI,2
42201394,5,3,4,3,2,3,3,3,2,2,2,5,0,2,5,TX,3
42201504,5,4,4,4,5,4,4,4,4,1,3,5,0,1,2,OK,3
42201565,5,3,4,3,4,4,3,3,3,1,3,5,0,0,3,MA,1
42201607,4,5,5,4,5,4,5,4,3,2,1,5,0,2,2,MI,2
42201740,5,3,3,2,4,3,3,3,3,2,2,10,0,1,5,NY,1
42201773,5,3,4,3,3,3,3,3,2,1,3,7,0,1,5,DE,3
42202171,4,3,3,3,3,3,3,3,3,2,3,1,0,0,7,OK,3
42202309,5,4,4,4,4,4,4,5,5,2,2,5,0,2,3,PA,1
42202383,5,3,2,4,5,3,2,2,2,1,3,6,0,1,3,MD,3
42202892,5,3,3,4,4,3,3,3,3,1,2,2,0,0,5,MD,3
42202935,5,3,3,2,5,3,3,3,3,1,3,6,1,1,7,FL,3
42202951,5,4,4,4,5,5,5,5,4,1,5,5,0,0,3,PA,1
42202955,5,4,4,4,5,4,5,4,5,2,3,3,0,1,5,OR,4
42203005,4,3,3,4,4,4,4,3,3,1,3,5,1,2,7,MS,3
42203236,4,2,3,3,3,2,2,2,3,2,4,1,0,0,3,NM,4
42203408,5,3,4,4,4,3,3,3,2,1,1,1,0,0,3,PA,1
42203463,5,2,3,5,5,4,4,3,3,1,0,1,0,2,2,IL,2
42203524,4,3,5,4,4,4,4,5,4,1,2,7,0,2,7,NY,1
42203686,5,4,4,3,4,4,4,4,3,2,2,3,0,2,3,PA,1
42203737,3,4,3,3,4,4,4,4,4,2,3,7,0,0,5,CA,4
42203926,4,3,4,3,4,3,2,3,4,2,3,7,0,0,3,CT,1
42204003,3,4,4,3,4,4,4,5,4,1,4,6,0,0,7,MA,1
42204497,4,3,4,4,4,4,4,4,4,2,3,4,0,0,5,TX,3
42204668,4,3,4,3,4,3,3,4,4,2,5,1,0,0,2,NC,3
42204887,5,4,4,3,4,5,5,5,5,2,3,10,0,0,2,SD,2
42204905,5,3,4,5,4,3,2,2,2,2,0,7,0,0,5,PA,1
42205099,5,3,4,3,4,2,2,3,1,1,2,6,0,0,3,KS,2
42205348,4,4,4,4,5,4,4,4,4,2,5,1,0,0,2,MI,2
42205435,4,4,4,4,4,4,4,4,4,1,3,10,0,0,5,IN,2
42205450,5,4,5,3,3,2,3,3,2,1,3,8,0,1,7,CA,4
42205508,5,5,5,3,4,5,5,4,4,1,2,7,0,1,7,PA,1
42205632,5,4,4,4,4,4,3,3,3,1,3,7,0,2,7,MI,2
42206178,5,2,3,4,5,2,2,2,3,1,2,2,0,0,2,IN,2
42206526,4,3,3,3,4,3,3,3,3,1,1,6,0,2,7,VA,3
42206574,5,5,5,5,5,5,5,5,5,1,1,5,0,0,2,MA,1
42206754,4,3,3,5,5,3,3,3,5,1,0,4,0,0,3,PA,1
42206926,4,3,4,3,4,4,4,4,4,1,1,4,0,0,3,OH,2
42207129,5,5,5,4,4,3,3,3,4,1,2,10,0,0,2,TX,3
42207147,4,3,3,4,4,3,3,3,3,2,0,10,0,1,3,IL,2
42207409,4,3,3,3,3,3,3,3,3,1,2,5,0,0,5,TX,3
42207422,3,3,3,3,4,3,3,4,3,2,2,9,0,3,4,IL,2
42207465,4,3,4,4,5,4,4,4,4,2,2,10,0,2,7,NJ,1
42207707,1,2,1,3,4,5,2,2,3,1,3,7,0,0,5,CA,4
42207802,5,4,5,2,3,5,5,5,5,1,2,3,0,0,2,CT,1
42207972,5,3,4,1,4,5,5,5,3,2,4,2,0,0,7,WA,4
42208240,4,3,3,4,5,3,3,3,2,2,5,10,0,0,3,NJ,1
42208309,5,4,3,4,5,2,2,3,4,2,2,7,0,2,5,NJ,1
42208557,5,4,4,3,4,4,5,5,3,2,3,5,0,3,3,AR,3
42208558,5,4,4,3,3,2,4,4,4,1,3,7,0,0,5,VA,3
42208577,5,3,3,4,5,3,3,3,1,1,3,8,0,0,5,MS,3
42208668,5,4,3,4,4,4,4,4,3,1,4,6,0,0,5,FL,3
42208888,5,3,4,3,4,3,3,3,3,1,2,5,1,0,5,MD,3
42208904,5,4,4,4,5,5,5,5,5,2,3,5,0,0,3,PA,1
42208996,5,3,3,4,5,3,3,3,3,1,2,6,5,2,3,IL,2
42209155,4,3,4,2,5,4,3,3,3,2,2,6,0,2,5,TX,3
42209195,4,2,3,4,5,3,4,3,3,2,2,5,1,1,7,IL,2
42209521,5,3,3,5,5,3,3,3,3,2,0,9,0,2,3,CT,1
42209620,5,2,3,4,5,3,2,1,2,1,2,6,0,2,5,CO,4
42209673,5,3,4,3,5,4,4,4,4,1,3,5,0,1,5,IL,2
42209768,4,4,5,3,3,4,4,5,4,2,5,3,0,0,4,FL,3
42209850,5,4,3,3,4,4,4,4,3,1,2,7,0,2,5,WI,2
42209959,5,3,3,4,2,2,2,2,1,1,2,8,0,2,5,TN,3
42210017,5,4,4,4,5,3,3,4,4,2,1,6,0,2,3,OH,2
42210160,5,3,5,4,4,3,4,4,4,1,0,10,0,0,3,IL,2
42210208,5,5,5,5,5,5,5,5,5,2,3,1,0,0,2,MI,2
42210372,5,3,3,3,5,3,3,3,3,1,3,4,0,0,5,MO,2
42210419,5,3,5,5,5,3,3,5,5,1,1,6,0,2,7,VA,3
42210523,4,3,4,4,4,4,2,3,3,1,3,8,3,2,7,CA,4
42210712,4,3,4,3,3,2,2,3,3,2,4,3,0,0,4,TX,3
42210732,4,3,3,4,4,3,4,3,3,2,4,6,0,1,255,CA,4
42210745,5,3,4,5,3,2,2,3,4,1,4,6,0,0,4,TX,3
42210899,5,3,3,4,5,4,4,4,4,1,4,5,0,2,7,SC,3
42211149,5,3,3,4,5,4,4,3,3,1,1,10,0,0,2,ID,4
42211351,5,3,5,4,5,3,2,2,3,2,0,6,0,0,5,VA,3
42211591,4,4,4,4,4,4,3,4,2,1,1,4,0,0,2,IL,2
42211979,4,4,4,4,4,4,4,4,4,1,2,7,0,2,5,MI,2
42212116,5,3,4,4,3,1,1,1,1,1,1,4,0,2,4,CA,4
42212254,5,2,4,4,4,2,1,2,5,1,1,3,0,0,5,IL,2
42212496,5,3,4,3,4,3,4,4,4,1,1,7,0,0,7,KY,3
42212681,5,2,2,2,4,2,1,2,3,1,0,4,1,0,3,CA,4
42212796,4,3,4,4,4,4,4,4,4,1,2,4,0,2,3,UT,4
42213019,5,3,3,3,4,5,5,5,5,1,1,4,0,0,7,NY,1
42213097,5,4,4,4,4,3,4,4,3,2,1,4,1,0,7,VA,3
42213517,4,3,3,4,4,2,2,3,3,1,2,1,5,0,5,IL,2
42214415,4,3,3,3,4,2,2,2,2,2,1,3,1,2,2,MD,3
42214615,4,2,3,3,4,3,2,2,4,2,3,10,6,3,3,CA,4
42214909,4,2,2,2,3,3,2,3,2,2,3,5,1,0,255,TN,3
42214955,5,5,3,3,2,4,4,4,5,2,4,3,1,1,4,AL,3
42215119,5,3,3,2,4,3,4,4,2,2,2,10,1,0,5,AL,3
42215128,5,4,4,3,4,3,3,3,3,2,1,5,1,0,5,MD,3
42215253,3,2,2,3,3,1,1,1,1,2,2,5,5,0,5,CA,4
42215650,5,5,5,5,5,5,5,5,5,2,0,3,5,2,255,AZ,4
42216036,5,3,3,4,3,4,4,4,4,2,0,7,0,0,4,MO,2
42216085,5,4,5,5,5,4,4,4,3,2,3,5,0,0,7,CA,4
42216159,4,3,4,4,4,4,4,4,4,2,1,4,4,0,5,SC,3
42216192,4,3,4,3,5,3,3,4,4,1,1,10,0,0,7,FL,3
42216198,4,4,4,4,4,4,4,4,4,2,2,3,0,0,2,TX,3
42216247,5,4,4,4,4,3,3,3,3,2,4,3,0,0,4,CA,4
42216439,5,3,4,4,5,4,4,4,4,2,2,1,0,1,2,OR,4
42216697,4,2,3,3,5,3,2,2,1,2,0,4,0,0,5,IA,2
42217616,4,3,3,3,4,3,3,3,2,2,1,4,0,1,3,PA,1
42218107,5,3,4,4,4,2,4,3,4,1,3,2,0,0,2,LA,3
42218184,3,4,2,2,3,3,2,2,2,2,2,10,0,2,2,WI,2
42218472,4,4,4,4,4,4,4,5,5,2,2,2,0,0,3,MS,3
42218744,4,4,4,4,4,4,4,4,4,2,4,10,2,1,5,MN,2
42218861,5,5,5,2,3,5,5,5,4,2,1,5,0,0,2,MI,2
42218935,4,4,3,3,3,5,5,3,3,2,3,5,6,2,4,TX,3
42219345,4,4,5,3,3,5,5,5,4,1,3,5,0,0,3,AL,3
42219785,5,4,4,3,4,4,4,3,4,1,3,7,0,1,7,KY,3
42219930,4,3,3,3,4,4,4,4,3,1,2,5,0,2,5,CA,4
42220074,5,5,5,5,5,4,3,5,5,1,0,4,0,0,5,IL,2
42220133,4,4,4,5,3,2,2,2,2,1,2,7,0,1,7,NY,1
42220751,5,4,4,4,4,4,4,4,4,1,4,5,0,0,7,NY,1
42220775,4,4,4,3,5,4,4,4,4,2,4,4,0,0,3,NY,1
42220788,4,3,4,2,5,3,3,3,3,2,4,1,0,0,3,NY,1
42221485,4,3,1,3,3,3,3,3,4,1,4,3,0,0,3,FL,3
42221855,5,4,4,4,5,4,4,4,4,2,1,6,0,0,5,NE,2
42222152,3,3,3,3,4,2,2,2,2,2,3,1,0,0,255,NE,2
42222375,4,4,4,4,4,3,3,4,4,2,2,3,0,4,2,IA,2
42222646,4,4,4,4,4,4,4,4,4,2,1,3,0,2,2,MO,2
42222778,5,5,5,5,5,5,5,5,5,2,3,10,0,2,3,KS,2
42222957,5,3,4,3,3,3,2,2,2,2,4,1,0,0,3,VA,3
42223000,5,4,4,4,4,4,3,3,3,2,1,2,0,0,4,PA,1
42223089,4,3,3,3,3,3,4,4,3,2,1,3,0,0,3,MD,3
42223277,5,4,4,3,3,3,3,3,3,2,1,4,0,3,2,MD,3
42223399,5,5,5,5,5,5,5,5,5,2,3,2,0,0,2,NY,1
42223617,4,4,4,4,4,4,4,4,4,2,2,4,0,2,5,TN,3
42223786,4,3,4,3,3,3,3,4,4,2,1,3,0,1,2,IA,2
42224236,5,5,5,3,5,5,5,5,4,1,4,7,0,1,5,OH,2
42224958,5,5,5,5,5,4,3,3,4,2,3,1,0,0,4,IA,2
42225019,4,3,3,3,3,3,3,3,3,2,1,6,0,1,7,PA,1
42225122,5,4,4,5,5,3,3,3,4,2,2,3,0,1,3,IA,2
42225140,4,3,3,4,5,2,3,3,3,2,4,10,0,0,5,PA,1
42225194,5,4,4,2,3,3,4,4,4,2,2,5,0,2,3,PA,1
42225210,5,3,4,4,4,3,3,3,4,1,4,5,0,0,255,AL,3
42225343,4,4,4,4,4,2,2,2,2,2,3,4,0,1,5,PA,1
42225362,5,3,4,3,5,2,3,3,4,2,2,4,0,1,2,FL,3
42225697,5,4,5,5,5,4,4,3,4,1,4,5,0,0,2,IA,2
42226149,4,4,4,4,5,4,4,4,3,2,0,4,4,0,2,MI,2
42226332,5,2,4,3,5,3,4,4,2,2,2,3,0,2,3,PA,1
42226414,5,5,5,3,4,3,4,4,4,1,0,4,0,0,4,GA,3
42226593,4,3,2,3,5,4,4,4,4,2,2,10,0,2,7,PA,1
42226747,4,4,4,4,4,3,3,3,3,2,4,2,0,0,2,IA,2
42226830,4,3,3,3,4,4,3,3,3,2,2,3,0,2,2,OH,2
42226963,4,4,4,3,3,3,3,3,3,2,3,4,0,3,3,OH,2
42227041,5,4,4,3,5,2,3,4,3,1,3,6,0,0,4,OH,2
42227144,4,3,4,3,2,3,3,3,3,2,1,6,0,0,3,TX,3
42227653,3,3,3,3,3,4,4,4,4,2,3,4,0,0,3,MN,2
42227893,4,3,4,4,4,3,3,3,3,1,4,5,0,0,5,NV,4
42228187,5,4,4,4,5,4,4,4,4,2,3,10,0,0,2,OH,2
42228342,4,3,4,3,4,3,3,3,2,1,4,4,0,0,255,MI,2
42228391,4,3,3,4,1,3,3,3,3,1,2,10,0,3,5,NY,1
42228431,5,3,3,5,2,3,3,2,2,1,5,6,0,0,2,NJ,1
42228572,4,4,3,3,2,3,3,3,3,2,2,5,0,0,2,TX,3
42229079,4,3,3,4,4,3,3,3,2,1,2,7,0,2,5,TX,3
42229273,5,3,3,4,5,3,3,4,2,2,2,4,0,0,5,GA,3
42229304,5,4,4,3,5,2,2,2,2,2,3,6,0,1,5,AL,3
42229350,5,3,4,3,5,3,3,3,3,2,3,10,0,0,2,MO,2
42229537,5,5,5,4,4,5,5,5,5,2,2,2,0,4,3,OK,3
42229591,4,4,3,4,4,3,3,3,3,1,3,5,0,0,2,PA,1
42229726,5,3,5,4,3,3,1,2,2,1,3,7,0,0,2,MI,2
42229918,5,3,3,5,5,5,5,5,5,2,2,10,0,0,3,PA,1
42230080,5,5,5,4,5,4,4,4,3,1,2,3,0,0,3,TX,3
42230263,5,3,4,2,3,3,3,4,3,1,3,10,0,0,5,DE,3
42230513,4,3,3,3,4,3,3,3,3,2,1,5,0,1,4,TN,3
42230797,3,4,5,3,4,5,5,5,5,1,4,10,0,1,5,NY,1
42230810,4,3,3,3,4,3,3,3,2,2,1,5,0,6,4,IN,2
42230845,4,4,4,3,4,4,4,4,4,2,2,5,0,0,5,TX,3
42231002,5,2,2,3,4,3,2,3,3,2,3,10,1,2,3,OH,2
42231167,5,3,3,3,4,3,3,3,3,2,3,2,0,0,4,OH,2
42231189,5,4,3,4,5,3,3,4,4,2,1,5,0,0,5,MD,3
42231345,5,3,4,2,3,3,3,3,2,1,2,5,0,2,3,IA,2
42231440,5,4,4,3,4,4,4,3,4,2,2,4,1,2,4,WA,4
42231671,4,4,4,3,3,4,4,4,5,2,3,10,0,0,4,AL,3
42231788,5,4,4,4,4,4,4,4,4,2,3,4,0,1,5,WI,2
42232204,5,2,2,3,5,2,3,4,2,2,2,5,0,0,3,MS,3
42232459,4,4,3,3,5,3,3,3,3,2,0,4,0,1,2,MN,2
42232770,5,5,5,5,5,5,3,3,1,2,2,5,0,0,7,MN,2
42233148,4,4,4,4,4,4,4,4,4,2,4,2,0,0,255,FL,3
42233296,5,5,5,5,5,5,5,5,3,2,4,6,0,0,7,AZ,4
42233386,3,4,3,3,2,3,3,3,3,2,3,6,4,0,7,CA,4
42233867,5,3,3,3,5,4,4,4,4,2,1,5,0,0,5,OH,2
42234169,3,2,2,3,4,2,2,3,1,2,4,10,0,0,2,SC,3
42234545,4,4,4,3,4,5,4,4,4,1,1,5,0,0,7,WV,3
42234930,5,4,4,3,3,3,3,4,4,2,1,5,0,0,2,MI,2
42234995,5,5,5,5,5,5,5,5,5,2,3,2,0,1,2,TX,3
42235339,5,3,3,4,4,3,3,3,3,2,2,4,0,0,3,OH,2
42236195,5,3,3,4,4,2,3,3,2,2,2,4,0,3,2,OH,2
42236208,5,3,5,4,5,3,4,4,5,2,2,5,0,0,2,TX,3
42236932,5,3,3,2,4,3,3,3,3,1,3,5,0,4,7,OH,2
42236940,4,3,3,3,4,3,3,3,3,2,1,5,0,0,5,WV,3
42237112,5,4,4,5,5,3,4,4,4,2,0,3,0,0,2,RI,1
42237189,4,3,4,4,4,4,4,4,4,2,2,5,0,1,5,TX,3
42238243,5,4,4,3,4,3,3,3,2,2,1,4,0,1,3,VT,1
42238476,5,3,4,3,5,4,4,4,4,2,2,3,4,3,2,ME,1
42239279,5,4,4,4,4,5,5,5,3,2,0,3,0,0,4,UT,4
42239426,4,4,4,3,3,4,4,4,3,2,2,4,0,2,5,MN,2
42239623,5,4,4,2,3,4,4,4,4,1,2,4,0,2,3,UT,4
42239942,4,4,4,5,5,4,4,4,5,2,0,10,0,0,4,NC,3
42240122,5,4,5,4,4,2,2,2,2,2,3,10,0,0,2,OH,2
42240143,5,3,3,4,4,3,3,3,3,2,4,5,0,0,3,CA,4
42241361,5,3,4,4,3,4,2,2,1,2,3,10,0,0,5,CA,4
42241536,5,4,4,3,4,4,4,4,4,2,1,6,0,2,3,GA,3
42242341,5,5,5,5,5,5,5,5,5,2,1,6,0,0,4,MA,1
42242587,5,4,4,2,3,3,4,3,2,2,1,10,0,0,3,KY,3
42242866,5,3,5,3,5,3,3,3,3,1,2,5,0,0,3,IL,2
42242951,4,4,4,4,4,2,2,2,3,2,1,10,0,1,4,MI,2
42243085,5,5,5,5,5,5,5,5,5,2,2,5,0,3,4,OH,2
42243312,5,3,4,5,3,3,3,4,3,2,4,4,0,0,3,PA,1
42243427,4,3,3,3,3,4,4,4,3,2,3,5,0,0,5,NJ,1
42243650,5,2,3,3,4,1,1,1,1,2,3,6,0,1,3,MI,2
42243848,4,2,3,4,5,4,4,4,3,2,1,10,0,0,5,WI,2
42243923,5,4,4,4,4,4,4,4,3,2,2,10,0,4,4,MI,2
42244283,5,4,5,4,4,4,4,4,3,1,4,10,0,0,255,MA,1
42244570,5,4,4,4,4,4,4,4,4,2,4,5,0,1,3,MI,2
42244622,4,3,3,3,4,5,5,5,4,2,4,6,0,0,5,MI,2
42245073,5,4,4,4,4,4,4,4,3,2,3,4,0,0,2,KS,2
42245132,4,2,2,4,4,2,2,4,2,2,0,3,0,0,2,IA,2
42245569,5,2,2,3,4,4,4,4,4,2,1,3,0,0,5,MI,2
42245713,5,4,4,4,4,4,4,3,4,2,4,3,0,0,3,NH,1
42245829,4,3,3,3,4,3,3,3,3,2,4,10,0,0,3,IN,2
42245934,4,4,2,3,2,4,4,4,4,2,3,10,0,1,3,IN,2
42246639,4,2,3,3,4,2,2,3,1,1,3,5,0,1,5,MI,2
42246661,4,3,4,4,4,3,3,4,3,1,2,10,0,2,7,MI,2
42246821,4,3,3,3,4,3,3,3,3,1,1,7,0,0,7,MA,1
42247139,4,3,4,3,4,2,2,2,2,2,2,5,6,2,5,OK,3
42247439,5,4,5,4,5,5,5,5,5,2,3,6,0,1,7,CA,4
42247682,5,3,4,4,4,3,3,3,3,1,3,5,0,2,7,WV,3
42247744,4,3,4,2,3,2,3,3,3,1,3,9,0,0,5,NY,1
42247905,5,2,2,4,3,1,1,1,3,2,2,4,0,3,3,HI,4
42248178,4,3,3,3,3,2,3,3,3,2,2,4,1,0,5,NY,1
42248215,4,4,4,5,3,5,5,5,5,1,3,8,0,0,7,AZ,4
42248557,4,5,4,4,4,3,3,3,3,1,0,1,0,0,5,NJ,1
42248814,5,5,5,5,5,5,5,5,5,1,2,5,1,3,5,GA,3
42248828,5,3,4,4,5,3,3,2,1,1,4,3,0,0,3,MI,2
42248893,4,3,3,4,4,2,3,4,3,1,2,5,0,3,5,OK,3
42248956,4,4,4,5,5,4,4,4,5,1,5,6,0,0,7,IN,2
42248970,5,3,3,3,3,3,4,3,3,2,2,5,0,0,5,NJ,1
42249064,4,4,4,3,3,3,3,3,3,1,0,10,0,0,5,FL,3
42249162,4,4,4,3,4,4,4,4,4,1,3,5,0,0,5,NJ,1
42249219,4,3,3,3,3,3,3,3,3,1,2,3,0,2,3,TX,3
42249335,4,2,3,4,5,2,2,2,2,2,3,8,0,1,7,GA,3
42249363,3,4,3,5,4,4,4,4,3,1,1,10,6,0,7,MD,3
42249669,5,3,4,4,4,4,4,4,3,2,0,7,1,0,3,OH,2
42249882,5,3,3,4,4,4,4,3,4,1,2,5,0,0,2,NJ,1
42250188,4,3,3,3,3,3,3,3,3,2,3,1,2,1,2,MS,3
42250297,4,3,3,3,4,3,3,3,3,1,0,10,3,0,5,TX,3
42250378,4,1,3,5,5,2,2,2,2,2,1,3,4,0,5,CA,4
42250880,4,3,4,4,5,3,4,5,3,2,0,2,1,1,255,FL,3
42250946,4,3,2,3,4,4,4,3,3,1,1,4,0,1,3,NM,4
42251458,5,4,4,3,5,5,5,5,5,1,3,3,0,0,2,NC,3
42251482,4,3,3,4,5,4,4,4,4,2,1,4,0,0,7,FL,3
42251486,5,5,5,5,5,5,5,5,5,1,3,5,0,1,3,MO,2
42251538,4,2,2,4,5,1,1,1,1,1,3,3,6,0,5,IL,2
42251644,5,3,4,4,5,4,4,4,4,1,2,6,0,1,2,CO,4
42251884,5,3,4,4,4,2,2,2,4,1,2,7,0,2,5,CA,4
42251994,3,3,3,3,3,3,3,3,3,1,2,5,0,2,3,MO,2
42252272,4,3,3,3,3,4,4,4,4,1,0,5,0,0,3,CO,4
42252437,4,3,3,3,3,3,3,3,2,2,0,10,6,0,5,IN,2
42252581,5,4,3,4,4,3,3,3,3,1,3,8,0,0,7,AL,3
42253099,5,3,2,5,5,3,3,3,3,1,1,3,0,0,3,VA,3
42253396,5,3,2,2,4,3,2,2,2,1,3,6,0,0,3,TX,3
42253615,5,4,4,3,4,5,4,5,2,1,3,5,0,0,4,GA,3
42253730,5,5,5,4,5,5,5,5,4,2,0,4,5,0,2,CO,4
42253922,4,4,4,3,3,4,4,4,2,2,0,4,0,0,2,WA,4
42254188,5,3,3,4,5,4,3,4,3,1,1,5,0,3,3,KS,2
42254371,4,3,3,3,3,3,3,3,3,1,0,10,0,0,5,NY,1
42254529,3,3,3,3,3,3,3,3,3,2,1,10,3,1,5,IA,2
42254782,5,4,4,4,5,3,3,3,4,2,1,5,0,1,2,WI,2
42254949,5,3,4,3,5,3,4,4,2,1,4,5,0,0,255,NH,1
42255015,5,3,3,2,4,4,4,4,3,1,2,6,0,0,4,GA,3
42255018,5,3,3,3,3,3,3,3,3,1,2,4,0,3,3,NE,2
42255251,4,3,2,3,4,3,3,2,2,1,2,8,3,2,7,WA,4
42255441,5,3,4,4,3,4,4,4,4,1,0,9,1,0,7,MI,2
42255787,4,3,4,4,3,4,4,4,4,1,2,3,0,0,5,CA,4
42255903,4,4,5,4,4,4,5,5,5,1,1,4,0,1,3,MO,2
42256007,3,4,4,4,4,5,5,5,3,2,3,4,1,0,3,TX,3
42256406,5,4,4,4,4,2,2,2,2,1,0,1,1,0,2,SC,3
42256605,5,4,4,4,4,3,3,3,3,1,1,3,1,1,3,CO,4
42256616,5,4,3,3,5,4,4,4,3,1,1,7,0,0,7,OR,4
42256842,4,3,4,4,4,4,3,4,4,2,3,2,1,0,4,MS,3
42256895,5,3,4,4,5,3,3,3,4,1,1,6,0,2,5,IL,2
42257282,4,3,3,2,3,4,4,4,3,1,1,3,0,0,5,MA,1
42257310,4,4,4,4,3,3,4,4,4,1,2,6,0,3,4,NJ,1
42257316,4,4,4,4,4,4,4,4,4,2,0,3,1,0,3,VA,3
42257463,3,2,3,2,3,4,4,4,3,2,0,10,6,0,3,TX,3
42257869,5,5,5,5,5,5,5,5,5,1,0,6,5,0,5,MA,1
42258033,5,5,5,5,5,5,5,5,5,1,1,2,0,2,3,TX,3
42258057,5,3,4,3,3,3,3,3,3,2,1,5,1,1,5,NC,3
42258105,4,3,3,4,4,2,2,2,2,1,0,2,0,0,255,PA,1
42258121,4,4,4,4,4,4,4,4,4,1,1,5,6,1,255,NE,2
42258129,4,3,4,4,5,1,1,1,1,2,1,3,1,0,5,KS,2
42258180,5,4,4,4,5,3,3,3,4,1,2,2,0,0,3,IL,2
42258212,5,4,4,3,3,4,5,5,3,2,0,4,0,0,4,OH,2
42258422,5,3,5,5,5,5,5,5,3,1,1,2,0,0,2,MI,2
42258453,4,4,4,4,4,4,4,2,4,2,1,4,4,1,3,NH,1
42258665,4,4,4,4,4,5,5,5,5,1,1,4,0,0,3,IN,2
42259226,5,3,3,4,4,3,3,3,3,1,1,5,0,0,3,ID,4
42259277,5,4,3,3,4,4,4,4,1,1,1,4,0,2,5,TX,3
42259348,5,2,4,2,2,3,3,3,3,1,0,1,0,0,3,UT,4
42259917,1,2,2,3,3,2,2,2,2,1,0,10,1,1,2,IA,2
42260009,5,3,3,2,4,3,2,4,3,1,1,3,0,3,4,ME,1
42260211,4,3,3,4,4,2,2,2,2,1,1,4,0,2,2,MO,2
42260250,4,4,4,4,5,5,5,5,4,1,1,5,0,1,5,PA,1
42260266,5,3,4,3,4,2,2,3,3,2,0,1,1,1,2,MD,3
42260336,4,3,3,5,4,3,3,3,3,1,1,7,3,1,5,MD,3
42260380,5,5,5,3,4,5,5,5,5,1,2,1,0,3,4,TX,3
42260491,4,4,4,4,5,5,5,4,3,2,2,6,1,0,3,TX,3
42260535,5,5,5,5,5,1,1,3,3,1,2,3,0,2,3,TX,3
42260583,5,5,5,5,5,5,5,5,5,1,2,5,3,4,3,NY,1
42260639,5,4,5,3,4,4,4,4,4,2,2,6,0,3,5,PA,1
42260794,4,2,3,4,4,3,3,3,3,2,2,5,1,0,3,NJ,1
42260887,4,3,3,4,5,4,4,4,4,2,2,4,0,2,3,ME,1
42260964,5,3,4,5,3,4,4,5,3,1,2,5,0,2,7,ME,1
42261194,5,3,4,3,4,3,3,3,3,1,4,6,0,0,3,MI,2
42261293,5,3,5,5,4,1,1,1,1,2,1,6,0,1,4,MA,1
42261529,4,3,3,3,5,3,3,4,3,2,0,1,0,2,2,IL,2
42261838,5,3,3,3,4,3,3,3,3,2,1,4,0,1,2,IN,2
42261949,4,3,4,4,4,3,3,3,3,2,2,5,0,2,2,IN,2
42262330,5,5,5,5,4,3,3,3,3,1,4,6,0,0,3,PA,1
42262376,5,5,4,4,5,4,4,4,4,2,0,2,0,0,7,MO,2
42262449,4,4,4,4,4,4,4,4,3,2,1,5,0,0,5,OH,2
42262612,5,3,3,3,4,3,3,3,3,2,0,3,0,1,3,MI,2
42262992,5,4,4,4,5,3,5,3,4,2,3,6,0,2,3,IL,2
42263035,2,3,2,4,4,5,4,4,5,2,2,10,0,3,3,MO,2
42263425,5,3,4,3,4,3,3,2,2,2,2,10,0,0,2,MI,2
42263451,4,3,3,3,3,3,3,3,3,2,2,4,0,1,4,PA,1
42263458,3,4,4,4,5,3,3,3,1,2,2,2,0,2,3,PA,1
42263487,5,3,3,4,3,3,3,3,3,1,1,5,0,0,3,CA,4
42263579,5,3,4,2,3,3,3,4,2,2,4,3,0,0,3,MA,1
42263712,4,5,4,4,4,4,4,4,4,2,1,4,0,1,3,MI,2
42263782,5,3,4,4,5,3,3,4,5,1,4,4,0,2,7,ND,2
42263871,5,5,5,5,5,5,5,5,4,2,1,6,0,1,2,TX,3
42263926,5,5,5,5,5,5,5,5,5,2,3,5,0,2,2,IN,2
42264045,5,3,3,4,5,2,2,2,3,2,0,5,0,0,3,WI,2
42264094,4,4,4,3,4,4,4,4,4,1,1,1,0,0,4,IN,2
42264227,4,2,2,3,5,4,3,3,4,2,3,5,2,0,3,OK,3
42264250,4,3,3,4,4,4,4,4,4,2,4,3,0,0,2,WI,2
42264268,5,4,4,4,5,4,4,4,3,2,0,1,0,1,5,WI,2
42264537,4,4,4,4,4,4,4,4,4,2,0,3,0,0,4,OH,2
42264631,5,3,3,4,4,3,3,3,2,1,2,5,0,1,5,WI,2
42264694,4,4,4,4,4,4,4,4,4,2,1,10,0,0,5,KY,3
42264849,4,3,3,4,4,3,3,3,3,2,0,3,0,0,5,KY,3
42264896,5,4,4,4,5,4,4,4,3,2,2,6,1,3,2,OH,2
42265005,4,1,1,3,5,1,1,1,1,2,1,2,0,0,5,WI,2
42265371,4,3,3,3,4,4,4,4,3,2,2,7,0,0,5,MI,2
42265414,4,4,3,3,3,3,4,4,4,2,4,2,0,0,3,TX,3
42265634,4,3,3,4,4,4,4,4,4,2,2,6,0,2,2,MN,2
42265876,5,2,3,5,5,2,2,3,2,2,2,4,0,0,2,OH,2
42266191,5,3,4,5,5,3,3,2,1,2,2,5,0,2,3,PA,1
42266316,5,4,4,5,5,4,4,4,5,2,3,3,0,0,2,WI,2
42266322,5,3,3,4,5,3,2,2,4,2,4,5,0,0,3,WI,2
42266332,3,4,4,3,4,4,2,2,2,1,2,2,0,0,4,TX,3
42266360,4,2,2,4,4,3,1,1,3,2,3,10,0,0,2,PA,1
42266371,5,4,3,5,5,2,2,3,3,2,0,1,0,0,5,OH,2
42266670,5,5,5,3,2,4,4,5,3,2,3,5,0,0,4,OR,4
42266899,5,2,4,4,3,2,2,2,2,2,1,7,0,0,5,MN,2
42267148,4,3,3,3,4,3,4,4,2,2,3,5,0,0,3,MN,2
42267408,5,3,3,4,5,5,5,5,4,1,4,10,0,0,5,MN,2
42267453,5,5,5,5,3,1,1,3,5,2,0,1,0,0,5,IN,2
42267803,5,5,5,4,5,5,5,5,5,2,1,7,3,0,5,MN,2
42268129,4,3,4,2,4,5,5,5,4,1,4,3,0,0,3,KY,3
42268132,5,3,3,4,5,2,2,2,1,2,3,4,0,1,2,PA,1
42268260,4,3,3,3,3,2,2,2,2,2,1,6,0,1,7,MN,2
42268442,5,2,4,4,4,3,4,3,3,2,4,10,0,0,7,WA,4
42268817,5,4,4,2,3,3,3,3,2,2,1,6,0,0,5,MD,3
42268852,4,3,3,4,4,1,2,4,1,1,1,1,0,0,2,NV,4
42269157,5,4,4,5,5,4,3,3,3,1,4,10,0,0,5,WA,4
42269769,4,2,2,3,4,3,3,3,3,1,0,3,0,0,5,KY,3
42270116,5,3,3,5,4,3,3,3,3,1,3,5,0,0,3,MA,1
42271063,4,3,4,5,4,3,3,3,4,1,3,5,0,0,7,KS,2
42271344,4,3,4,4,3,3,3,3,3,1,2,5,0,3,7,WA,4
42271427,4,4,4,5,5,5,4,4,4,1,4,3,0,0,7,NY,1
42271761,3,3,3,3,4,3,3,3,3,1,1,7,4,1,7,NJ,1
42272219,2,2,3,2,3,4,4,4,3,1,5,7,0,0,7,KS,2
42272455,5,4,4,4,5,3,3,3,4,1,2,7,0,0,5,MN,2
42273044,5,5,5,5,5,5,5,5,5,1,1,2,0,1,3,UT,4
42273167,5,4,5,5,5,5,5,5,5,2,2,5,1,3,4,TX,3
42273404,5,4,4,3,4,3,3,4,3,1,3,5,0,1,5,IN,2
42273857,5,3,4,3,4,3,3,3,3,1,4,7,0,0,3,WA,4
42274123,4,4,4,4,4,4,4,4,4,1,3,7,0,2,3,OR,4
42274682,4,2,2,4,5,2,2,2,2,1,2,8,1,2,5,CA,4
42276129,4,3,3,4,4,3,3,3,3,2,2,6,0,1,5,PA,1
42276223,4,3,4,4,4,3,3,3,3,1,2,5,0,3,5,IL,2
42276459,4,4,4,4,4,3,4,4,4,1,3,6,0,1,2,TX,3
42276669,5,3,3,4,4,4,4,4,4,1,2,6,0,1,7,AZ,4
42277159,4,4,4,4,4,4,4,4,4,1,0,1,0,0,3,SD,2
42277391,5,3,3,4,2,4,3,3,2,1,4,10,0,1,7,CT,1
42278432,4,3,4,4,4,4,4,4,4,2,2,5,0,0,7,KS,2
42279047,4,3,4,5,5,2,2,3,4,1,0,6,0,2,3,KS,2
42279314,5,3,4,4,4,2,2,3,3,1,3,6,0,0,4,MA,1
42279453,4,3,3,4,5,3,3,3,4,2,3,2,0,1,3,NM,4
42279651,5,3,3,3,4,3,3,3,4,1,3,9,0,1,5,NY,1
42279663,4,4,4,4,4,4,4,4,4,1,2,4,0,1,2,VA,3
42280004,5,3,3,4,4,4,5,5,5,1,2,2,0,1,3,NY,1
42280449,4,4,4,4,5,5,5,4,5,2,2,5,0,3,5,GA,3
42280515,4,3,4,4,4,3,3,4,4,1,2,5,0,0,7,PA,1
42280671,4,3,3,4,4,4,4,4,4,2,4,5,0,0,3,CA,4
42281018,5,4,5,5,5,5,5,5,5,1,3,5,0,2,3,IN,2
42281057,5,5,4,4,5,4,4,4,4,1,3,4,0,0,2,AZ,4
42281268,5,5,5,5,5,5,5,5,5,1,2,5,0,0,7,TX,3
42281309,4,3,3,4,3,2,1,1,2,1,3,1,0,1,7,PA,1
42284187,4,4,2,3,5,1,1,1,1,2,2,5,0,3,4,PA,1
42285432,3,3,3,4,4,2,2,3,2,1,1,7,0,0,5,NY,1
42285508,3,5,3,2,4,5,5,5,3,1,2,6,0,1,3,NM,4
42286984,5,3,3,3,4,3,4,4,3,1,0,2,0,0,7,OK,3
42287437,5,3,3,4,5,2,2,3,3,1,3,8,3,1,7,WA,4
42290067,5,4,4,4,5,4,4,4,4,2,1,2,0,0,3,FL,3
42293121,5,3,4,3,2,3,3,3,4,1,2,3,0,0,3,MN,2
42293276,4,3,4,4,5,4,4,4,4,1,2,7,0,0,5,KS,2
42294945,5,3,4,3,3,5,5,5,3,2,4,1,0,0,3,NM,4
42295376,5,3,4,4,5,2,3,4,2,1,3,7,4,1,7,CT,1
42295473,5,4,3,4,4,2,2,2,3,2,2,4,0,2,5,KY,3
42296124,5,4,4,4,4,4,4,4,4,2,0,8,0,0,3,CO,4
42297500,4,3,4,4,4,3,3,3,3,2,2,6,0,2,5,TN,3
42298442,4,3,3,3,4,4,4,4,4,1,1,5,0,0,5,MN,2
42298926,4,2,3,3,4,4,3,4,4,1,4,5,0,0,3,NC,3
42299028,4,4,3,3,4,4,3,3,3,1,2,6,3,3,5,MI,2
42299204,3,4,4,4,3,2,3,4,1,1,4,6,0,0,3,FL,3
42299515,4,4,4,5,5,4,3,4,4,1,2,3,0,0,5,FL,3
42299848,5,3,4,3,3,3,3,3,3,1,3,5,0,0,3,GA,3
42300487,5,2,2,3,5,4,4,4,4,2,1,8,0,1,7,NY,1
42300637,5,3,4,4,4,3,3,3,3,1,2,3,0,0,3,NV,4
42300935,5,3,4,3,4,3,3,3,3,1,3,7,3,2,7,CA,4
42301987,4,3,4,4,5,4,4,4,4,2,4,3,0,0,2,OH,2
42301999,4,3,3,3,3,2,2,2,2,1,2,6,6,0,3,NY,1
42302217,4,5,5,4,4,5,5,4,5,2,3,5,4,0,5,CA,4
42302599,5,5,5,4,4,5,5,5,5,2,4,7,0,0,7,CO,4
42302716,5,3,3,5,5,4,4,3,3,1,3,9,0,2,3,CA,4
42303196,5,3,3,3,5,4,4,4,4,1,3,5,0,1,3,NY,1
42304009,3,4,4,5,5,3,3,4,5,2,2,8,0,3,5,IL,2
42304048,5,3,4,4,4,3,2,3,4,1,4,5,0,2,3,TX,3
42304113,5,5,5,3,5,5,5,5,5,2,2,5,0,1,2,AR,3
42304272,5,4,4,4,4,4,4,5,4,1,2,2,0,1,3,WA,4
42304350,4,2,2,3,2,3,3,3,2,1,1,2,0,0,3,WA,4
42304820,5,4,4,3,4,5,4,5,3,2,4,4,0,0,2,OR,4
42305108,5,4,4,3,4,3,3,2,1,1,3,10,6,0,255,VA,3
42307457,4,3,3,3,3,3,3,3,3,2,2,5,0,2,3,OK,3
42308640,5,2,3,4,5,3,2,2,4,1,4,4,1,1,4,CA,4
42309588,3,2,3,4,4,2,3,3,2,2,2,4,0,1,4,PA,1
42309861,5,4,4,4,4,4,4,4,4,2,2,7,0,0,7,MI,2
42310207,5,5,5,5,5,5,5,5,1,2,2,5,0,5,5,TX,3
42310702,4,3,3,4,5,3,3,3,3,1,2,2,0,0,3,MD,3
42310820,4,3,4,4,4,3,3,3,3,1,2,1,0,0,2,WV,3
42311376,5,5,4,3,5,4,4,4,4,1,3,4,0,1,2,OH,2
42311408,5,5,5,5,5,5,4,4,4,1,3,3,0,0,3,TX,3
42311911,4,3,4,3,5,3,3,3,3,2,2,4,0,3,5,MO,2
42312958,4,2,3,3,5,3,3,3,3,2,0,1,1,0,2,TX,3
42315248,5,4,4,5,5,3,3,4,4,2,2,10,0,2,7,CO,4
42315784,5,4,5,5,5,4,4,4,2,1,2,6,0,4,5,NE,2
42315903,4,4,4,3,5,4,4,4,3,1,3,9,0,1,7,OR,4
42316625,4,3,3,4,4,4,4,4,4,1,2,5,0,0,5,FL,3
42316699,5,3,5,3,5,3,3,3,3,1,1,10,0,0,5,MA,1
42316884,4,3,3,3,5,4,3,5,2,1,2,5,3,3,7,WA,4
42318059,5,3,3,3,4,2,2,2,3,1,3,5,0,1,7,WV,3
42319033,5,4,4,5,5,3,3,4,4,1,2,6,0,6,7,PA,1
42320437,1,2,1,1,1,3,3,3,3,1,3,7,6,2,3,TX,3
42321442,4,3,3,4,3,3,3,2,2,2,0,4,0,0,5,OH,2
42322083,5,4,4,4,5,3,3,3,3,1,2,3,0,0,2,WI,2
42322277,5,4,4,3,5,3,4,4,4,1,4,5,0,1,3,GA,3
42322676,5,3,3,4,5,2,1,1,1,1,3,5,1,0,3,NC,3
42322972,4,3,3,3,4,4,3,3,2,1,4,2,0,0,7,VA,3
42324451,5,1,1,3,4,5,5,5,5,1,2,6,3,2,5,CA,4
42326820,4,4,4,4,4,4,4,4,4,1,2,6,0,2,5,TX,3
42326853,4,2,1,3,3,2,2,3,1,1,1,1,0,3,2,IN,2
42327927,4,4,3,3,3,4,4,3,3,2,2,8,0,2,5,CA,4
42327980,5,3,5,5,5,1,1,3,3,1,3,7,0,1,5,NY,1
42330084,5,4,4,4,5,4,4,4,4,2,4,5,0,0,7,VT,1
42330976,3,3,3,3,3,3,3,3,3,2,2,8,0,3,3,MN,2
42330996,4,3,4,5,5,3,3,3,2,1,3,5,0,0,2,GA,3
42331139,5,3,4,3,4,4,4,4,3,2,2,7,0,2,5,NJ,1
42331243,4,4,3,3,4,3,3,3,3,1,2,4,4,2,3,TX,3
42331739,4,4,4,5,5,4,4,4,4,1,0,3,0,0,3,CA,4
42331874,5,4,4,5,5,4,4,4,4,2,0,4,4,0,2,TX,3
42332346,4,3,4,3,3,4,4,4,2,1,2,5,0,3,7,TX,3
42332439,5,4,4,4,5,4,4,4,4,1,2,2,0,0,5,MO,2
42332512,5,4,4,3,5,4,4,4,4,1,3,5,0,2,2,PA,1
42332976,5,3,5,5,5,3,3,3,3,1,3,5,0,2,7,CA,4
42333144,4,3,3,4,4,3,3,3,2,1,1,6,0,0,7,IL,2
42333392,4,3,4,3,5,3,3,2,2,2,5,6,0,0,3,ME,1
42334313,3,3,3,3,2,4,4,3,3,2,3,4,0,0,3,NV,4
42335002,4,3,5,5,5,2,3,3,2,2,0,3,0,0,3,PA,1
42335420,5,5,5,5,5,5,5,5,5,1,0,1,1,0,3,NY,1
42336149,5,5,5,5,5,5,5,5,5,1,1,4,0,0,7,NC,3
42336163,4,4,4,3,4,4,4,4,4,1,2,7,0,0,7,OR,4
42336877,5,5,5,5,5,5,5,5,5,1,3,4,0,1,3,KY,3
42337314,3,3,4,4,4,3,3,3,3,2,2,5,1,1,7,DC,3
42337364,4,3,4,4,4,4,3,4,4,1,4,3,0,0,7,CO,4
42338185,4,2,3,1,4,1,1,1,1,1,3,8,0,0,3,WI,2
42338366,5,3,3,3,3,3,3,3,3,1,3,7,0,1,3,LA,3
42338424,4,2,2,2,3,2,2,3,2,1,2,3,0,2,3,IN,2
42338489,4,4,3,5,5,5,5,3,4,1,3,7,0,3,5,TX,3
42338496,4,4,4,3,4,5,5,5,5,1,3,6,0,0,5,GA,3
42339538,5,4,4,4,4,5,5,5,4,1,3,7,1,0,7,MD,3
42339660,4,3,3,5,4,4,4,3,3,2,2,5,0,2,7,PA,1
42339963,5,3,2,4,3,3,2,3,2,1,3,3,0,1,5,WA,4
42340481,5,3,4,3,5,3,3,3,4,1,2,6,3,0,7,CA,4
42341537,5,4,4,3,3,2,3,3,4,1,3,4,0,0,5,TN,3
42341819,5,5,5,4,5,5,5,5,5,1,4,1,0,0,5,OK,3
42342147,4,3,4,4,4,4,4,4,4,1,2,6,0,2,3,AL,3
42342757,5,3,3,4,5,2,2,2,2,1,3,5,4,2,7,GA,3
42342934,4,2,4,3,2,1,1,3,1,1,2,8,0,1,7,CA,4
42342965,4,4,4,4,5,4,4,4,4,1,2,1,0,0,3,CA,4
42342993,5,4,5,5,5,5,5,4,5,1,2,9,0,3,5,NY,1
42343434,5,3,5,5,4,3,3,3,3,1,2,2,0,0,2,TX,3
42344210,4,4,4,5,4,3,3,3,3,1,0,5,0,0,3,LA,3
42344346,5,4,4,4,5,5,5,5,4,1,1,4,0,1,2,ME,1
42344392,4,4,4,4,4,3,4,3,3,1,2,5,0,0,4,TX,3
42344546,5,4,4,5,4,4,3,3,3,1,4,10,0,0,7,OR,4
42344607,5,2,4,4,3,3,3,3,3,1,2,8,0,3,5,NJ,1
42344968,4,4,4,4,5,4,4,4,3,1,2,6,0,0,3,CO,4
42345541,5,3,4,2,5,4,4,3,3,1,3,10,0,1,7,CA,4
42346222,4,3,3,4,4,4,4,4,4,1,2,2,0,0,3,WI,2
42347657,5,5,5,5,5,5,5,5,5,2,4,2,0,0,3,NC,3
42347672,5,3,5,2,4,3,2,2,4,2,1,8,0,2,7,OH,2
42348189,3,3,3,4,4,3,4,3,3,1,2,4,0,0,3,AZ,4
42348215,4,3,2,4,5,3,3,3,3,1,2,7,0,2,7,KS,2
42348469,5,4,4,4,4,3,3,3,4,1,2,5,0,2,7,CA,4
42348493,4,4,3,3,5,3,3,3,3,1,1,3,1,0,3,PA,1
42348980,4,3,3,3,3,3,3,4,3,1,1,1,0,0,4,PA,1
42349167,5,5,3,3,3,5,3,5,3,2,3,10,0,0,5,DE,3
42349202,5,2,5,5,5,1,1,2,2,2,3,5,0,1,5,CT,1
42349282,5,3,3,4,5,4,4,4,4,1,2,4,0,1,2,NC,3
42350022,5,4,4,3,5,4,4,4,3,2,0,5,0,1,2,OR,4
42351442,5,5,5,5,5,5,5,5,5,2,4,3,0,0,255,NC,3
42352907,4,3,4,5,5,2,2,4,3,1,3,6,0,0,3,CO,4
42353089,5,4,4,4,5,4,4,4,4,1,3,2,0,0,3,FL,3
42353340,5,3,3,4,4,2,2,2,3,2,3,5,0,0,2,OK,3
42353755,5,3,4,2,3,3,3,3,3,1,2,1,0,0,3,AZ,4
42354163,4,4,3,3,3,3,3,3,3,1,3,8,0,1,3,GA,3
42354186,5,2,4,4,4,3,3,3,2,2,4,5,0,1,5,NY,1
42354859,4,3,3,3,3,3,3,3,3,2,2,6,0,1,3,CA,4
42354969,5,3,5,3,4,3,1,3,5,1,3,5,0,0,2,FL,3
42355000,4,4,4,4,4,3,3,3,4,2,4,2,0,0,2,WI,2
42355376,4,3,4,4,4,3,3,4,3,1,3,8,0,0,5,MO,2
42355460,4,2,3,4,5,4,3,3,3,2,0,6,0,1,3,OH,2
42355760,5,2,1,1,5,1,5,5,5,1,2,4,0,3,3,IL,2
42356054,4,4,4,3,3,3,3,3,3,2,3,10,0,0,7,IL,2
42356086,5,4,4,4,5,5,5,5,5,2,1,5,0,3,4,OK,3
42356261,4,3,4,3,4,3,3,3,3,1,2,4,0,0,7,CA,4
42356752,5,3,3,3,5,2,2,2,3,1,0,1,0,0,3,TX,3
42357466,5,4,4,5,5,3,3,3,3,2,4,5,0,0,7,ME,1
42357932,4,4,4,3,4,4,3,3,3,1,2,5,0,1,5,IL,2
42358052,4,4,4,4,5,4,4,5,4,2,4,10,6,0,2,CO,4
42358198,5,3,4,4,5,3,4,3,4,1,3,6,0,0,7,AZ,4
42358236,4,3,3,3,3,3,3,3,3,1,2,7,0,0,3,MD,3
42358395,5,4,4,3,4,2,2,3,3,2,5,1,0,0,3,MA,1
42358534,5,3,5,5,5,3,3,3,4,1,0,8,0,0,3,CT,1
42358858,5,3,4,3,3,2,2,3,2,1,0,7,0,0,3,MN,2
42358918,5,4,3,3,3,3,3,3,3,1,3,5,0,2,5,MI,2
42359038,4,4,4,4,5,5,5,5,5,1,2,5,0,0,5,CA,4
42359441,4,3,3,3,4,3,3,3,3,1,3,10,0,2,5,CA,4
42359445,5,3,5,4,5,1,1,1,1,2,0,2,0,0,3,FL,3
42359607,5,3,3,4,4,3,3,4,4,2,4,10,0,0,3,GA,3
42359626,5,2,2,5,5,2,2,2,2,1,2,4,0,0,4,TX,3
42359756,4,3,3,3,4,3,3,3,3,1,1,4,0,2,3,WA,4
42360645,5,3,4,5,5,3,3,3,3,2,3,10,0,0,2,MO,2
42360840,4,3,5,4,3,2,3,3,4,2,2,4,1,0,2,NY,1
42360885,5,5,5,5,5,5,5,5,5,2,0,4,0,0,2,IL,2
42360923,4,4,4,4,4,4,4,4,4,2,4,2,0,0,2,KY,3
42361087,4,2,3,4,5,4,4,4,3,1,3,6,0,0,3,CA,4
42361458,5,3,4,4,5,4,3,4,3,1,0,7,0,0,3,IL,2
42361759,4,3,3,4,4,2,2,2,2,1,3,6,0,2,5,RI,1
42362651,4,3,4,4,4,1,3,3,3,1,3,3,0,0,3,NY,1
42362968,5,3,3,3,4,3,3,3,3,1,3,7,0,1,4,WI,2
42363941,4,2,3,4,4,3,2,2,2,1,1,5,6,0,5,CA,4
42364426,3,3,3,3,4,3,4,4,3,1,2,9,0,0,5,PA,1
42364453,5,3,4,3,3,4,4,4,3,1,3,6,0,0,3,NJ,1
42364490,4,4,3,5,5,3,3,3,3,2,4,7,0,0,7,GA,3
42364638,5,3,4,3,4,2,2,2,2,2,0,10,0,0,3,CA,4
42364850,4,3,4,3,3,3,3,4,3,1,1,4,0,0,3,NJ,1
42365053,5,3,4,5,5,2,2,2,2,1,3,6,0,1,5,IL,2
42365377,5,3,4,5,3,3,3,3,3,2,2,5,3,6,5,TX,3
42365592,5,5,5,5,5,5,5,5,5,1,2,4,2,3,5,PA,1
42366162,5,4,5,4,5,5,5,5,5,1,4,3,0,0,5,TX,3
42366576,5,4,4,4,4,3,3,3,3,1,3,5,0,0,2,IN,2
42367838,5,4,4,3,3,3,3,4,3,2,4,6,1,0,7,CA,4
42367892,5,3,4,4,3,3,4,4,3,1,2,6,0,3,2,WA,4
42368287,5,3,4,4,4,3,3,3,4,1,0,5,0,0,7,MN,2
42368382,5,4,5,3,5,5,5,5,5,1,2,5,0,0,3,PA,1
42369217,4,4,4,4,4,4,3,4,4,1,1,3,1,1,4,AZ,4
42369833,5,4,3,3,4,3,3,3,3,1,2,5,0,0,3,GA,3
42369971,4,3,3,3,4,3,4,4,4,1,3,6,0,2,3,NC,3
42370505,5,4,4,5,5,2,3,2,4,1,5,4,0,0,5,TX,3
42371639,4,4,4,4,4,3,3,3,4,1,3,4,0,2,4,WI,2
42371880,5,2,4,4,5,3,3,3,3,1,3,1,0,0,3,NJ,1
42372392,5,5,5,1,4,5,5,5,5,2,0,3,0,1,3,MO,2
42372900,4,3,3,4,4,4,4,4,4,1,3,3,0,2,2,NC,3
42373056,4,3,4,4,5,3,3,3,3,1,3,3,0,0,4,CO,4
42373191,5,3,3,4,4,3,3,3,3,2,3,2,0,0,2,NH,1
42373548,5,3,3,2,4,5,5,4,5,2,0,5,0,0,5,KY,3
42374217,5,4,4,3,5,4,4,4,4,1,2,5,0,1,4,AL,3
42374708,5,3,3,5,5,2,2,2,3,2,0,3,0,0,2,MT,4
42375062,5,4,5,3,5,3,3,1,1,2,1,6,1,0,3,MI,2
42375167,5,3,4,4,5,5,4,4,4,1,1,5,1,0,3,FL,3
42375497,5,4,3,2,3,2,2,2,3,1,2,5,0,0,5,CA,4
42376218,4,3,3,4,4,4,4,4,4,2,4,10,6,0,255,TN,3
42376547,5,5,5,3,5,2,3,3,4,2,4,3,0,0,3,IN,2
42377023,4,3,3,4,5,4,4,3,2,2,1,7,0,2,5,IN,2
42377030,4,3,3,3,4,3,3,3,3,2,4,7,0,0,3,MO,2
42378912,4,3,3,4,4,2,2,2,2,1,4,3,0,1,3,MA,1
42379308,4,4,5,3,3,4,4,4,3,2,2,1,0,0,3,PA,1
42379341,5,3,4,4,4,3,3,3,2,1,3,6,0,2,5,CA,4
42379555,3,3,4,2,5,5,5,5,5,1,2,10,0,2,7,NY,1
42380084,4,2,3,3,3,3,2,4,4,1,2,3,0,2,3,TX,3
42380136,5,3,4,3,4,2,2,3,2,1,3,5,0,1,4,FL,3
42380584,4,3,4,3,4,3,4,4,4,1,2,5,0,1,4,ID,4
42382039,4,4,4,3,5,5,4,4,4,1,3,5,0,0,2,MA,1
42382446,4,4,5,5,5,3,2,2,2,1,0,3,0,0,3,TX,3
42383399,5,3,4,3,5,1,1,4,4,1,2,2,0,0,3,SC,3
42383894,5,3,4,4,4,3,3,4,3,1,4,6,0,0,2,NY,1
42384511,4,3,4,2,4,4,4,4,3,2,0,1,0,0,3,TN,3
42385854,4,3,3,4,4,1,1,3,2,2,3,3,0,0,2,NC,3
42386977,4,3,4,3,4,2,2,2,1,1,2,3,0,2,2,ME,1
42391803,4,4,4,4,4,4,4,4,4,1,1,2,0,0,3,CO,4
42392803,4,3,3,3,3,2,2,2,2,1,1,4,5,0,7,CA,4
42393030,3,4,4,4,4,4,4,4,4,1,5,5,0,0,2,KS,2
42397853,4,4,4,3,3,3,3,3,3,1,0,2,1,3,3,MS,3
42398197,5,3,3,4,4,3,3,3,4,2,2,6,0,2,3,GA,3
42402223,4,3,3,4,4,4,4,3,3,1,2,6,0,1,7,NY,1
42402603,5,4,4,5,3,5,5,5,5,1,2,5,2,0,3,MI,2
42403513,5,3,4,2,3,3,3,3,3,1,3,5,5,1,5,CA,4
42403562,4,3,3,3,4,3,3,4,3,2,2,9,5,6,5,WA,4
42404549,5,4,4,4,4,3,3,3,3,1,1,5,0,0,5,CA,4
42409445,4,3,4,4,4,2,2,2,2,1,2,5,0,0,2,GA,3
42410242,4,4,4,4,4,4,4,4,4,1,2,6,1,2,3,MD,3
42410923,5,3,3,4,4,4,3,4,4,1,4,5,0,0,5,MN,2
42414979,4,1,1,4,4,1,3,3,1,2,4,1,0,0,3,MI,2
42417368,4,3,4,4,4,5,5,5,5,2,1,3,0,2,3,TX,3
42418367,3,3,4,3,4,3,3,4,2,2,2,9,0,2,7,DE,3
42420815,5,4,5,4,4,4,3,4,5,1,2,6,0,0,7,PA,1
42420960,4,4,3,3,4,4,4,4,4,1,2,8,0,1,7,UT,4
42429279,5,4,4,4,3,4,4,5,5,2,3,8,0,0,3,MI,2
42432509,4,4,4,5,5,4,3,4,3,1,1,8,0,0,5,FL,3
42433105,5,4,4,4,4,4,5,4,4,1,1,6,0,0,7,CA,4
42435036,5,3,3,4,4,5,5,5,4,2,3,2,6,6,4,ME,1
42435884,5,2,3,3,4,1,1,1,2,1,0,2,3,0,7,NY,1
42436521,4,4,4,3,5,3,3,4,3,1,1,4,0,0,3,CT,1
42455580,4,4,4,3,3,4,3,4,2,1,2,5,1,2,3,NC,3
42456140,5,5,5,5,5,5,5,5,5,2,1,8,0,1,5,CT,1
42456723,5,3,4,4,5,3,4,4,5,1,1,7,4,1,5,AL,3
42458227,3,3,3,3,4,4,4,4,4,1,2,7,3,1,7,PA,1
42460863,5,5,5,5,5,4,3,4,4,2,1,3,0,0,5,WA,4
42461159,4,2,2,3,3,3,3,4,4,2,4,6,0,1,5,OH,2
42463328,5,3,4,4,4,3,3,3,3,1,4,5,0,0,7,MI,2
42463452,4,2,2,3,3,2,2,2,2,1,3,2,1,0,4,NJ,1
42464289,4,3,3,4,3,4,4,4,4,1,0,10,0,0,3,PA,1
42464875,5,4,4,4,5,3,3,3,3,1,2,6,2,3,5,OK,3
42466501,3,3,3,4,4,4,3,4,4,1,2,10,0,2,7,NY,1
42467142,5,4,4,3,4,4,4,4,4,2,3,3,0,1,255,KY,3
42467747,4,3,3,3,4,2,2,2,2,2,2,4,0,0,2,GA,3
42467878,5,5,4,4,4,2,2,2,4,1,0,3,6,1,255,TX,3
42467948,4,3,3,5,5,3,3,3,3,1,2,6,0,3,5,IA,2
42469314,4,3,3,5,5,3,3,3,3,2,2,10,0,2,7,CT,1
42472438,5,4,3,4,5,3,3,3,4,2,0,5,3,0,5,OR,4
42474103,4,3,3,5,5,4,4,3,4,1,2,6,0,3,7,TN,3
42474321,4,4,4,4,4,3,3,3,2,1,2,8,0,1,5,MA,1
42475212,5,2,3,3,5,5,5,4,2,1,3,8,0,1,7,GA,3
42476893,4,4,3,4,5,3,3,3,3,1,2,6,0,4,7,DE,3
42484367,4,2,2,2,3,4,4,3,2,1,0,5,0,0,2,KS,2
42485686,4,3,3,4,4,3,3,3,3,1,0,4,0,1,5,AZ,4
42497812,5,3,3,4,5,3,3,3,3,1,3,4,0,1,3,TN,3
42498120,4,4,4,3,4,3,4,3,3,1,2,4,5,2,3,LA,3
42499389,4,4,4,4,4,4,4,4,4,1,2,2,4,0,5,OH,2
42501033,4,3,3,4,4,3,3,3,4,2,0,10,0,0,2,OR,4
42503341,5,5,5,5,5,5,5,5,5,1,3,5,3,1,3,HI,4
42509762,4,3,3,3,5,4,4,4,4,2,3,4,0,0,4,KY,3
42510607,4,3,4,4,4,3,3,3,3,1,3,6,0,1,4,TX,3
42514244,4,3,3,3,4,3,3,3,3,1,3,7,0,0,5,WV,3
42517155,4,4,4,4,4,4,4,4,4,1,0,4,3,1,3,NC,3
42518484,4,4,4,2,4,4,4,4,4,1,0,1,0,0,2,GA,3
42521789,4,2,3,3,5,2,2,3,3,1,1,4,0,0,7,VA,3
42524167,5,4,5,5,4,4,3,3,3,1,2,5,0,2,7,MD,3
42532686,5,3,3,3,3,3,3,3,3,2,1,3,0,4,2,CT,1
42532713,4,4,4,4,4,4,4,4,4,1,1,8,0,0,3,NJ,1
42533881,5,4,4,4,4,5,5,5,4,2,2,3,0,2,3,CO,4
42542308,5,5,4,4,5,4,4,4,3,2,2,4,0,2,2,CO,4
42549264,5,4,4,3,4,5,5,5,5,1,2,7,0,2,5,TX,3
42549505,5,2,3,4,3,3,3,3,2,2,2,5,0,2,5,CT,1
42552679,5,3,3,1,1,3,2,2,1,1,2,8,6,1,7,MA,1
42554530,5,3,3,3,4,3,3,4,4,1,2,7,0,2,5,ND,2
42555638,5,3,5,5,5,4,4,4,4,2,2,10,0,1,4,MA,1
42558091,4,3,4,5,4,2,2,3,2,1,3,5,0,4,5,AR,3
42559526,4,3,2,4,4,4,3,3,3,2,3,6,0,0,3,WI,2
42559736,5,2,4,2,5,2,2,1,1,1,3,8,0,0,7,IA,2
42559758,5,4,4,4,4,3,3,4,4,1,2,6,1,0,5,CA,4
42560569,5,4,4,4,4,3,3,3,3,1,1,10,0,0,3,IN,2
42560651,5,3,3,3,3,3,3,4,3,1,3,3,0,0,4,NJ,1
42566370,5,4,4,4,5,5,5,4,3,1,4,5,0,0,3,KY,3
42569139,5,3,5,3,4,3,3,3,4,1,1,3,0,0,3,FL,3
42569764,4,3,3,3,3,4,4,3,3,1,4,7,0,0,5,TX,3
42585305,4,2,3,3,3,3,4,3,2,1,2,5,0,0,3,IL,2
42593850,4,4,4,4,4,4,4,4,4,1,2,8,0,0,4,TX,3
42604502,5,3,3,3,5,3,3,3,3,1,0,10,0,0,2,PA,1
42609848,5,5,5,3,4,4,4,4,4,1,4,8,0,0,7,TX,3
42615462,4,3,3,4,4,3,3,3,3,1,2,2,0,0,2,CA,4
42626609,5,5,5,5,5,5,5,5,5,1,0,5,4,2,3,AZ,4
42627945,5,4,3,3,4,4,4,4,3,2,4,5,0,0,7,PA,1
42631408,4,4,4,4,4,3,3,3,3,2,4,6,1,0,3,PA,1
42631806,4,3,4,3,3,4,4,4,4,1,2,4,1,0,3,CA,4
42631895,5,4,5,3,4,3,3,3,3,2,0,2,4,0,3,TX,3
42631909,5,3,4,4,3,4,4,4,5,1,2,3,0,0,3,OH,2
42631975,4,4,3,4,4,3,3,3,3,1,2,6,0,3,7,WA,4
42632000,5,4,4,3,2,3,3,2,1,1,3,5,0,0,3,FL,3
42632102,4,2,2,2,3,4,4,4,3,1,1,7,0,0,7,DC,3
42632215,4,5,5,3,5,5,5,5,5,1,2,6,0,1,2,AR,3
42632230,5,5,5,5,5,5,5,5,5,1,2,6,0,1,4,WI,2
42632313,4,3,3,3,3,3,3,3,3,1,3,4,0,0,3,CT,1
42632435,5,5,5,5,4,3,3,2,2,1,3,6,0,0,7,WI,2
42632450,5,4,4,5,5,5,5,5,5,1,3,5,4,1,4,OK,3
42632558,5,1,1,4,5,1,3,3,1,1,2,3,0,0,2,PA,1
42632585,4,3,3,3,3,3,3,3,3,1,2,3,0,4,3,NY,1
42632706,4,4,4,4,4,4,4,4,4,1,3,3,0,0,2,OH,2
42632739,5,3,3,3,3,3,3,3,3,1,3,3,0,3,3,NE,2
42632760,4,3,3,3,3,3,3,3,3,1,5,3,0,0,2,TX,3
42632859,5,3,3,3,4,3,3,3,3,1,3,2,0,0,5,MD,3
42632894,5,3,4,3,3,3,3,3,2,1,3,1,0,0,5,MD,3
42632928,5,5,4,4,4,4,4,4,4,1,3,5,0,0,5,SC,3
42633071,4,3,4,3,3,5,5,5,4,1,2,5,0,0,4,VA,3
42633086,4,4,4,5,5,4,3,3,3,1,3,3,0,0,2,OR,4
42633235,5,3,3,5,5,3,3,3,1,1,2,3,0,0,3,OH,2
42633292,4,2,2,4,4,2,2,2,2,1,3,5,0,0,2,WI,2
42633305,5,3,3,5,5,5,5,5,5,1,3,10,0,0,2,PA,1
42633315,4,4,4,3,4,4,4,4,3,2,3,4,0,0,3,FL,3
42633368,4,4,4,5,5,4,3,3,4,2,3,5,0,1,7,AR,3
42633421,5,5,5,5,4,5,5,5,5,2,3,2,0,0,4,AR,3
42633516,5,4,5,5,5,5,5,5,3,1,2,2,0,0,3,NY,1
42633604,5,4,5,3,4,5,5,5,5,2,0,2,0,0,3,CA,4
42633679,4,3,3,3,4,4,5,5,5,1,3,5,4,1,3,WA,4
42633708,5,5,5,3,4,4,3,4,5,1,1,10,0,2,7,NY,1
42633737,5,5,5,5,5,3,4,5,5,1,3,4,0,1,7,CA,4
42633743,4,4,3,3,3,3,3,3,3,1,2,3,0,0,2,WA,4
42633784,5,4,3,3,4,3,3,2,3,1,0,3,0,1,255,NY,1
42633853,5,4,4,4,4,5,5,5,5,1,2,2,0,4,3,TX,3
42633897,5,4,4,4,5,5,4,4,3,1,3,6,4,1,5,CA,4
42633956,5,5,5,3,5,4,5,4,5,1,2,2,0,1,7,IN,2
42634011,4,4,5,3,4,5,5,5,4,1,4,7,0,0,4,IN,2
42634035,5,3,3,4,4,2,3,3,3,1,3,10,6,0,255,AL,3
42634080,4,4,3,5,5,4,4,4,4,1,1,4,5,0,3,TX,3
42634187,4,3,3,3,4,3,3,3,3,2,1,3,0,0,2,OH,2
42634202,5,4,4,4,5,5,5,4,3,2,1,5,0,1,5,KS,2
42634260,5,3,4,3,4,4,4,4,3,2,3,4,0,0,5,WI,2
42634564,5,4,4,4,4,4,4,4,4,2,2,10,0,2,5,MO,2
42634576,5,3,3,2,3,4,3,3,3,2,1,5,0,4,5,IN,2
42634594,2,1,5,4,4,4,4,4,1,2,2,10,0,0,2,TX,3
42634661,3,3,3,3,3,3,3,3,3,2,3,7,0,1,5,TX,3
42634664,5,4,4,4,4,4,4,4,4,2,1,10,3,0,4,MD,3
42634776,4,3,3,4,4,3,3,3,3,2,2,5,0,2,7,VA,3
42635078,5,3,3,5,2,1,2,2,2,2,2,4,0,0,2,MO,2
42635204,5,3,4,4,3,5,5,5,4,2,2,5,0,0,3,NC,3
42635493,4,3,3,4,4,3,3,3,3,2,1,7,3,0,7,SC,3
42635641,4,3,4,5,5,5,5,5,5,1,2,5,0,0,2,TX,3
42635651,4,3,3,3,3,3,3,3,3,2,3,2,0,0,3,OK,3
42635699,5,4,4,4,5,3,3,3,3,2,2,3,0,1,2,OH,2
42635761,3,3,2,4,2,2,2,2,2,2,1,6,1,2,5,VA,3
42636021,5,3,3,3,4,3,3,3,3,1,1,6,0,1,5,IN,2
42636235,4,3,3,4,5,4,3,3,2,2,4,10,0,0,5,UT,4
42636253,5,2,3,4,4,2,2,3,3,1,4,5,6,0,255,VA,3
42636326,5,3,3,4,4,3,3,3,2,2,0,4,0,0,3,NC,3
42636584,5,4,4,4,5,4,3,4,4,2,2,3,0,1,4,PA,1
42636650,4,4,4,2,4,4,4,4,5,2,2,5,0,2,3,UT,4
42636708,5,4,3,3,4,3,3,3,3,2,4,7,0,0,3,TX,3
42636824,4,3,3,4,3,4,3,3,3,2,1,10,0,0,5,TX,3
42637170,4,3,3,4,4,3,3,3,2,2,2,4,0,0,3,TX,3
42637432,4,2,3,4,5,3,2,2,2,2,2,4,0,1,3,TX,3
42637549,4,4,4,4,5,4,4,4,3,2,2,7,0,0,5,TX,3
42637705,4,3,4,3,4,3,3,3,3,2,2,3,0,2,3,TX,3
42638057,4,4,4,3,5,3,4,3,3,2,0,5,0,0,7,MS,3
42638093,4,3,4,4,4,2,2,3,1,2,0,10,0,0,5,CA,4
42638301,5,4,5,4,4,4,5,5,5,2,3,5,0,0,3,NC,3
42638376,5,3,3,4,3,3,2,3,3,2,0,2,0,0,2,NC,3
42638429,5,4,4,3,5,3,3,3,3,2,1,4,0,0,7,MD,3
42638438,5,5,5,3,5,4,4,4,4,2,2,2,0,0,5,CA,4
42638502,4,4,5,4,5,4,4,4,5,2,4,4,0,0,2,NC,3
42638595,5,3,4,4,4,5,5,4,4,1,0,4,0,0,3,AR,3
42638667,5,3,4,5,5,5,4,4,4,2,2,4,4,3,5,MN,2
42638691,4,4,5,3,3,3,3,4,4,2,3,10,0,0,4,NC,3
42638748,5,3,3,4,4,4,4,4,4,2,2,4,0,1,5,PA,1
42638781,5,3,5,3,5,4,4,5,5,2,0,5,0,0,3,LA,3
42638792,5,1,3,3,4,2,2,3,3,2,2,5,0,1,3,NC,3
42639000,5,1,3,2,2,2,1,1,1,1,4,3,0,0,2,NC,3
42639010,5,3,3,3,4,4,3,3,3,2,0,4,0,0,2,AR,3
42639085,5,2,3,4,5,2,2,3,3,2,4,5,0,0,3,NC,3
42639536,5,1,1,3,3,1,1,1,1,2,3,1,0,0,3,NM,4
42639965,5,5,2,3,5,5,5,5,5,2,3,4,0,0,2,FL,3
42639973,4,4,4,4,4,4,4,4,4,2,4,10,0,0,7,MO,2
42639990,5,4,3,5,5,4,4,3,4,2,1,5,0,0,5,CA,4
42640277,5,5,5,4,5,5,5,5,5,2,2,2,0,0,5,KS,2
42640300,5,4,4,3,3,3,3,3,3,2,1,4,0,0,3,WI,2
42640443,5,4,5,5,4,5,5,4,4,2,0,4,0,0,5,MI,2
42640492,5,3,3,3,4,4,4,4,4,2,1,5,0,0,5,MD,3
42640495,4,2,3,4,4,4,3,4,3,2,3,10,0,0,3,PA,1
42640534,4,3,3,4,4,4,3,3,3,2,0,5,0,0,5,MD,3
42641224,3,3,2,3,3,4,4,4,4,2,2,5,0,1,7,NJ,1
42641391,4,3,3,3,4,3,3,3,2,2,2,4,4,1,3,WA,4
42641396,5,5,5,5,5,4,4,4,4,2,2,4,0,2,5,ME,1
42641593,4,4,4,4,4,4,4,4,4,1,4,3,0,0,5,OR,4
42641630,4,3,3,2,4,4,4,4,4,2,0,3,0,0,2,OR,4
42641647,5,5,5,5,4,5,5,5,5,2,2,5,0,2,5,GA,3
42641915,3,4,4,3,4,4,4,4,4,2,0,4,0,0,4,PA,1
42641951,4,4,4,4,4,4,4,4,4,1,4,3,0,0,4,MN,2
42642139,5,5,4,5,5,5,5,5,3,2,2,5,1,0,3,AL,3
42642204,4,4,4,3,3,4,4,4,4,2,3,7,0,0,5,NY,1
42642246,4,4,3,4,5,4,4,5,4,2,0,5,0,0,2,MA,1
42642418,4,3,3,4,5,3,3,2,4,2,2,4,0,2,3,MO,2
42642473,5,3,5,4,4,5,5,5,4,2,2,4,6,2,7,ME,1
42642649,5,4,4,4,3,3,2,4,4,2,4,5,0,0,4,RI,1
42642907,4,3,3,4,4,3,3,3,2,2,1,4,0,1,2,WV,3
42642930,4,3,3,3,2,2,3,3,3,2,2,5,0,2,5,FL,3
42642965,4,4,4,4,4,4,4,4,3,2,0,1,0,1,2,GA,3
42643062,5,4,4,4,4,4,4,4,3,2,0,10,0,0,3,ID,4
42643133,5,3,4,3,5,4,3,4,4,2,2,5,1,1,4,CA,4
42643179,5,4,4,3,2,3,3,3,3,2,3,7,0,1,5,PA,1
42643238,3,3,3,3,3,3,3,3,3,2,2,1,0,1,2,IL,2
42643312,5,4,5,4,3,3,3,3,3,2,0,1,0,0,3,SC,3
42643350,4,4,4,3,4,4,4,4,4,1,4,10,0,0,5,ME,1
42643498,4,4,4,4,5,4,5,5,5,2,4,6,0,0,5,FL,3
42643545,4,4,4,3,5,4,4,4,3,2,3,2,1,0,3,ID,4
42643616,4,3,4,1,3,4,4,3,3,1,1,6,0,0,5,KS,2
42643637,4,4,4,4,4,3,3,3,3,1,2,8,5,2,7,MD,3
42643813,5,3,3,5,4,4,4,4,3,1,3,10,6,0,255,PA,1
42643830,5,3,5,5,3,4,4,4,4,1,2,10,4,0,3,TX,3
42644047,5,5,5,3,3,3,3,3,3,1,3,2,0,2,3,WA,4
42644120,5,5,5,5,5,5,5,5,5,1,0,10,6,0,255,MA,1
42644246,5,4,4,4,5,4,3,3,5,2,0,2,0,1,3,OH,2
42644353,4,3,4,4,5,3,3,3,3,2,3,4,0,2,3,CA,4
42644465,4,3,3,3,4,3,3,3,2,2,4,4,0,1,5,KY,3
42644497,5,5,5,3,4,5,5,5,5,1,3,10,0,1,2,KY,3
42644681,4,3,4,3,4,5,5,5,3,1,1,10,3,0,5,IL,2
42644721,5,3,3,3,5,3,3,3,3,1,3,1,0,0,3,TX,3
42644756,4,3,3,4,5,3,3,4,4,2,3,1,0,2,4,PA,1
42644877,5,3,3,3,3,3,3,3,3,1,2,2,0,0,4,TN,3
42645227,4,4,4,3,5,5,5,5,5,1,1,4,0,0,3,TN,3
42645256,5,4,3,4,5,5,5,4,5,1,3,5,0,0,2,NH,1
42645350,4,3,3,3,3,4,4,4,4,1,2,5,0,3,2,IL,2
42645388,1,2,2,2,1,1,1,3,1,1,0,7,0,0,3,SD,2
42645580,4,3,3,3,4,3,3,3,3,1,1,5,0,1,3,IL,2
42645676,4,4,4,4,4,4,4,4,4,1,1,5,0,0,5,GA,3
42645794,5,4,4,4,5,5,5,5,5,2,4,10,6,0,255,FL,3
42645885,5,5,5,5,5,3,3,3,3,1,4,10,6,0,255,AR,3
42646190,4,3,3,4,4,3,3,3,3,2,2,5,0,4,3,OH,2
42646256,4,3,3,4,4,3,3,3,3,1,2,5,0,1,3,WI,2
42646315,4,4,4,3,4,4,4,4,3,1,3,5,0,2,3,NV,4
42646428,5,4,3,5,5,3,2,2,2,1,3,6,0,1,2,MN,2
42646486,5,3,3,5,5,3,3,3,3,1,2,6,0,0,2,PA,1
42646960,4,3,2,3,4,3,3,3,2,2,1,4,0,2,4,CA,4
42647038,4,3,3,4,4,3,3,3,2,2,4,10,6,0,255,FL,3
42647107,5,4,4,4,5,3,3,3,3,1,0,10,0,0,3,OH,2
42647401,5,4,3,4,4,3,3,3,3,1,2,5,0,0,3,TX,3
42647538,4,4,5,1,3,5,5,5,4,1,4,10,6,0,255,CA,4
42647678,4,3,3,4,4,3,3,3,3,2,4,3,0,0,3,WV,3
42647734,5,4,3,4,4,3,3,3,2,1,3,5,0,0,255,PA,1
42647821,4,4,3,4,4,4,3,3,4,1,2,3,1,2,3,WA,4
42648199,4,3,3,3,2,2,3,2,3,1,1,4,0,0,2,AR,3
42648747,4,4,4,4,4,3,3,3,3,2,3,2,0,6,2,WV,3
42648767,4,3,4,3,5,3,3,3,3,1,1,10,6,0,255,PA,1
42649198,4,4,4,3,3,4,4,4,3,1,2,5,0,2,4,IA,2
42649453,4,2,3,4,4,3,3,2,3,1,2,6,2,2,3,KS,2
42649654,5,4,4,5,5,4,4,4,4,1,3,5,0,1,4,GA,3
42649712,4,3,3,3,4,3,3,3,3,1,2,5,0,0,5,OH,2
42649949,4,3,3,3,3,3,3,3,3,1,3,1,0,0,2,NY,1
42650296,5,3,4,3,3,3,4,4,3,2,3,4,0,0,3,NC,3
42650307,4,3,3,3,3,3,3,2,3,1,2,5,0,1,2,NY,1
42650401,4,4,4,3,5,4,4,4,3,1,3,7,0,1,4,SC,3
42650405,4,3,3,4,3,4,4,4,3,1,3,8,0,2,7,NM,4
42650607,3,3,3,3,3,3,3,3,3,1,1,2,0,1,5,NE,2
42650764,5,4,4,5,5,3,3,4,1,1,3,4,0,0,3,OH,2
42650893,4,4,4,3,4,5,5,5,5,1,4,5,1,0,5,NV,4
42651112,4,2,3,3,5,2,2,5,2,1,1,4,0,0,5,IL,2
42651275,4,3,4,4,5,3,4,4,3,2,1,4,1,0,2,MD,3
42651401,5,5,4,3,3,4,4,4,3,1,0,10,0,0,3,TN,3
42651811,4,3,4,3,4,4,4,3,5,1,3,5,0,2,3,NC,3
42651852,5,4,3,4,4,3,3,3,3,1,3,1,0,0,2,MA,1
42651907,4,3,4,4,5,4,5,5,5,2,3,1,0,2,5,OR,4
42651989,4,3,3,3,2,2,2,2,2,1,3,10,3,1,7,CA,4
42652250,4,4,4,4,3,3,2,2,3,1,0,3,0,0,5,OK,3
42652402,5,5,4,4,5,4,4,4,4,1,2,6,0,0,7,CA,4
42652505,4,3,3,3,5,3,3,3,3,2,2,5,4,2,4,IL,2
42652582,3,3,3,4,4,3,3,3,3,2,3,4,0,0,2,WI,2
42652718,4,3,3,4,4,4,4,4,5,1,2,9,0,2,3,MO,2
42652927,5,4,4,4,5,4,4,4,3,1,1,5,0,2,4,CA,4
42652947,5,3,4,3,4,3,3,3,3,1,3,5,0,1,2,PA,1
42653459,4,3,2,4,5,1,1,1,2,1,1,6,4,1,3,MN,2
42653470,5,3,4,4,4,3,3,3,3,1,2,9,0,3,5,MI,2
42653510,5,3,4,4,5,3,3,3,3,1,1,6,0,0,4,MN,2
42653841,5,3,3,3,3,4,4,4,3,1,2,7,0,2,3,NJ,1
42653886,4,4,4,4,4,4,3,4,3,2,2,7,0,0,2,IL,2
42654341,4,4,4,3,4,4,3,3,3,1,0,4,0,1,2,PA,1
42654991,5,3,3,3,3,3,4,4,4,1,3,7,0,1,4,KS,2
42655075,5,2,2,4,4,2,2,2,2,2,1,5,0,2,3,LA,3
42655111,5,4,4,4,4,4,5,5,4,2,3,5,0,1,3,MI,2
42655284,5,4,5,5,5,5,5,5,5,2,2,10,0,3,2,NH,1
42655473,4,3,3,4,5,3,3,3,3,1,0,3,0,0,2,NJ,1
42655497,5,3,4,5,5,2,2,2,3,2,3,3,0,0,3,KY,3
42655796,5,5,5,5,5,5,5,5,5,1,3,5,0,1,7,PA,1
42656457,5,5,5,5,5,5,5,5,5,1,3,5,0,2,7,CA,4
42656636,4,4,4,4,4,4,4,4,4,2,2,7,0,0,4,VA,3
42656864,5,3,4,4,4,4,4,5,4,1,3,7,0,1,7,TX,3
42657272,4,3,3,3,2,2,2,3,1,1,3,6,0,1,4,IN,2
42657450,5,3,3,3,3,3,3,4,3,1,2,4,0,0,2,IN,2
42657464,5,3,4,4,4,4,4,4,3,1,2,7,0,3,5,CO,4
42658108,5,3,4,5,5,3,3,2,2,1,3,10,0,0,3,TX,3
42658800,5,3,5,3,5,3,3,3,4,1,0,3,1,1,5,IL,2
42658852,4,4,4,3,4,4,4,4,4,1,3,6,0,0,3,TN,3
42659327,5,4,4,2,4,5,5,5,5,1,2,2,0,0,2,NC,3
42659778,5,5,5,5,5,5,5,5,5,2,2,6,0,1,5,FL,3
42660483,5,4,4,4,5,5,4,4,4,1,2,5,0,2,4,TX,3
42660707,4,2,3,4,4,2,2,2,2,2,2,7,0,3,3,MS,3
42660869,5,4,4,4,4,4,4,4,4,1,2,7,4,1,5,NY,1
42661501,5,2,4,5,5,2,3,3,3,1,0,7,0,0,3,PA,1
42662071,5,2,3,3,5,2,2,2,2,1,1,4,3,0,5,CA,4
42662171,4,4,4,4,5,4,4,4,4,2,1,10,0,2,5,VA,3
42662932,5,4,5,2,4,3,3,2,2,2,2,5,0,4,4,CA,4
42662941,5,2,2,4,4,2,2,2,2,1,2,6,3,0,5,CA,4
42663495,5,3,3,5,5,4,3,3,5,2,5,1,0,0,7,NE,2
42663551,4,4,5,3,4,5,5,5,5,1,2,6,0,2,3,IL,2
42663610,5,3,3,4,5,3,3,3,2,1,3,5,0,1,2,WA,4
42663761,4,3,3,3,5,3,3,3,3,1,1,5,0,0,5,AL,3
42663812,4,3,3,2,3,3,3,3,3,1,0,5,4,0,3,VA,3
42664145,5,5,5,3,3,3,3,3,3,1,2,6,0,1,3,MI,2
42664225,4,4,4,5,5,3,3,3,3,1,2,6,0,0,7,PA,1
42664531,5,4,4,5,5,4,4,4,4,2,1,1,0,2,3,CO,4
42664806,5,3,3,4,4,2,2,3,3,2,3,5,1,2,5,NY,1
42665102,4,3,3,3,4,5,5,5,5,1,2,6,0,1,3,CA,4
42666047,3,4,4,4,4,3,4,4,5,2,2,10,0,0,5,MA,1
42666174,4,3,3,4,5,4,4,5,4,1,0,1,0,0,3,TX,3
42666469,4,5,5,2,3,5,5,5,5,1,0,1,0,0,3,CT,1
42666757,4,4,4,4,5,4,4,4,4,2,2,5,0,1,3,TX,3
42667337,5,5,5,4,4,5,5,5,5,1,1,4,5,0,5,IL,2
42667643,5,5,5,3,5,5,5,5,5,1,2,8,0,0,5,AZ,4
42668035,4,3,4,3,4,4,4,4,4,2,4,1,0,0,3,MI,2
42668726,4,3,2,3,4,4,4,4,2,1,3,5,0,0,3,VA,3
42668984,5,3,4,3,4,4,4,4,3,2,3,2,0,0,2,NC,3
42669339,4,3,4,4,4,4,4,4,3,1,2,8,0,0,5,MD,3
42669500,5,3,4,3,5,5,4,5,4,1,3,6,0,1,7,FL,3
42670141,5,3,4,3,5,5,5,5,4,1,2,10,0,2,3,IL,2
42670231,4,3,3,3,4,4,3,4,2,1,2,7,0,0,7,IN,2
42671369,4,4,3,3,4,4,4,4,4,1,2,6,1,0,5,TX,3
42673795,4,4,4,3,5,4,4,4,4,1,2,3,0,2,3,AR,3
42673913,4,4,4,4,4,3,4,4,5,1,0,9,0,0,2,AL,3
42674165,5,4,5,4,5,4,3,3,4,2,2,4,0,1,7,MO,2
42674180,5,3,1,4,4,2,2,3,3,2,1,6,3,2,3,CO,4
42675765,4,4,4,4,4,4,4,3,3,1,0,7,0,2,3,NJ,1
42676449,5,3,1,4,3,2,2,2,3,1,3,6,0,1,5,NY,1
42676581,5,5,5,5,5,4,4,4,4,1,3,5,0,4,5,CA,4
42677762,5,4,4,3,3,4,4,3,3,1,3,5,0,0,3,KY,3
42678412,4,4,4,3,4,3,3,3,4,2,3,5,0,1,255,TX,3
42678600,4,3,3,3,5,3,3,4,3,1,2,6,0,2,5,MA,1
42682905,4,4,4,3,4,4,4,4,4,1,2,8,0,0,5,WA,4
42685145,4,3,3,4,4,3,3,3,3,1,2,7,0,2,7,TN,3
42687498,5,4,3,4,5,3,3,3,4,2,2,5,0,3,7,CA,4
42690252,4,4,4,4,4,3,3,3,4,2,3,5,0,0,3,GA,3
42690365,4,4,4,3,3,4,5,5,5,1,2,4,4,0,5,CA,4
42691193,4,3,3,3,3,3,3,3,3,1,3,7,0,3,5,VA,3
42692164,4,3,4,3,4,3,3,4,3,1,0,1,0,0,3,AL,3
42692780,5,2,4,3,4,3,3,3,3,1,0,1,0,0,3,ND,2
42693358,5,3,3,4,4,2,3,3,2,1,0,2,3,1,3,MD,3
42693619,4,3,4,5,5,5,5,5,5,1,2,6,0,0,5,CA,4
42695395,5,3,3,3,3,2,3,3,1,1,1,5,0,2,5,OH,2
42695728,4,4,3,3,5,3,3,3,3,1,3,5,0,0,2,NJ,1
42696232,5,5,5,4,5,4,5,5,4,2,1,7,0,0,5,IN,2
42698416,4,3,4,3,4,4,4,4,4,1,1,4,0,1,3,OR,4
42698462,4,3,4,5,5,4,3,4,2,2,2,5,0,1,7,NH,1
42700584,4,4,4,4,3,3,3,3,3,2,4,3,0,1,5,AK,4
42701211,4,4,4,3,4,3,3,4,4,2,3,2,0,0,3,IA,2
42706207,5,3,4,4,3,1,1,1,1,1,3,7,0,3,5,IN,2
42707046,5,3,4,4,4,4,3,3,4,1,3,7,3,2,7,CA,4
42708457,4,3,3,3,3,3,3,3,3,2,4,3,0,0,5,KS,2
42710014,4,3,3,4,3,3,4,4,2,2,2,4,0,1,3,KS,2
42710521,5,5,5,4,4,4,4,4,3,1,2,5,0,0,7,HI,4
42710678,5,4,4,4,1,1,1,3,4,1,2,4,0,1,3,WA,4
42712030,5,4,5,5,5,4,4,4,4,1,0,10,6,0,3,PA,1
42716773,5,4,2,2,3,3,3,3,3,1,2,7,5,1,7,CA,4
42716815,5,4,4,4,5,2,3,3,3,1,2,6,0,2,7,PA,1
42717788,5,4,4,4,5,4,4,4,4,2,1,2,0,0,255,PA,1
42719078,5,3,4,2,3,3,3,3,3,1,0,1,6,0,3,WI,2
42724186,5,5,5,5,5,5,5,5,5,2,4,3,0,0,3,OH,2
42725275,5,3,3,2,3,3,3,3,3,1,3,3,0,0,4,ID,4
42726003,5,5,5,5,5,5,5,5,5,1,3,3,0,0,5,MI,2
42726542,4,4,4,5,4,2,2,2,3,1,2,4,0,0,3,FL,3
42730506,5,4,4,4,4,3,3,3,2,2,3,10,0,0,2,IN,2
42730940,5,4,4,3,5,3,3,4,2,1,2,5,0,0,5,AL,3
42733127,5,5,5,5,5,5,5,5,5,1,0,5,0,0,3,SC,3
42733975,4,3,4,2,2,4,4,4,4,1,3,6,0,1,4,WA,4
42734592,5,3,3,4,4,3,4,3,3,1,3,4,0,0,5,ID,4
42735006,5,5,5,5,5,5,5,5,5,1,3,4,4,0,255,CA,4
42735053,4,3,3,4,4,3,3,2,2,1,1,6,0,1,5,TX,3
42738822,5,3,4,3,4,3,4,4,3,1,2,5,0,0,3,NY,1
42739077,5,5,5,5,5,5,5,5,5,1,3,2,0,0,3,KS,2
42739827,5,5,4,4,5,3,4,5,5,2,2,5,0,1,7,AK,4
42740850,4,2,3,3,4,1,1,3,1,1,2,6,0,2,3,IL,2
42741444,4,4,4,4,3,3,3,3,3,1,2,5,0,1,5,TN,3
42741952,4,4,4,4,4,4,4,4,3,1,1,4,5,0,3,GA,3
42743705,5,3,3,4,4,2,2,3,2,1,1,3,1,0,3,CA,4
42744032,3,3,3,3,3,3,3,3,3,1,3,5,0,2,5,MI,2
42744374,5,3,3,3,4,4,4,3,4,1,2,8,0,2,5,SC,3
42745820,5,4,4,5,5,5,4,4,4,1,1,5,0,0,5,MI,2
42748296,4,3,3,3,4,4,4,5,4,1,0,1,1,0,2,CT,1
42760864,4,3,3,2,4,5,5,5,4,1,0,3,0,1,3,CA,4
42760894,4,3,3,3,3,2,2,2,2,1,1,5,5,0,3,MN,2
42762704,5,3,3,4,5,5,5,4,5,2,3,6,0,0,3,AL,3
42766352,5,3,3,3,4,4,3,3,4,1,3,5,0,3,3,KY,3
42767054,5,3,3,4,3,3,3,3,3,1,0,1,0,0,3,WI,2
42770483,5,5,5,5,5,5,5,5,5,1,0,2,0,0,5,ID,4
42773185,4,3,4,4,4,3,3,3,3,1,0,2,5,0,3,MO,2
42773278,4,4,4,4,4,4,4,4,4,1,0,4,3,0,3,GA,3
42774034,5,3,3,4,5,3,3,5,4,1,0,6,0,4,3,PA,1
42774499,4,5,5,2,4,3,4,5,5,1,1,1,1,0,5,MA,1
42779268,4,3,4,4,4,4,4,4,4,2,1,3,1,0,3,CA,4
42780262,4,4,4,3,4,4,4,4,4,1,0,4,0,2,3,MO,2
42783683,4,3,4,2,4,4,4,4,3,2,1,4,0,2,255,CT,1
42785159,5,5,5,5,5,5,5,5,5,2,1,4,0,2,255,MI,2
42787779,5,5,5,3,4,4,4,3,4,2,4,7,0,0,7,FL,3
42788977,4,3,4,4,4,4,4,4,4,1,3,7,6,0,7,NY,1
42790321,4,4,4,4,4,3,3,3,2,1,0,10,0,0,3,PA,1
42790338,5,3,3,4,4,4,4,4,4,1,1,3,0,1,3,IA,2
42793090,5,4,4,4,4,4,4,3,3,1,0,7,0,0,3,NY,1
42795801,4,2,4,3,2,3,3,3,2,1,0,10,0,0,3,CA,4
42796070,4,4,4,3,3,3,2,3,3,1,2,3,0,4,4,NY,1
42803172,5,2,4,4,4,4,3,3,3,1,0,8,5,0,2,TX,3
42805680,4,4,4,4,4,4,3,3,4,1,3,4,3,0,2,NJ,1
42810186,5,3,5,4,5,1,2,3,4,1,3,4,3,0,2,NJ,1
42813589,5,4,5,4,5,5,5,5,3,1,3,4,3,0,2,NJ,1
42813781,5,3,3,2,2,2,2,2,2,1,0,3,0,0,4,GA,3
42815668,5,3,3,4,5,3,3,3,3,1,0,5,0,0,3,MI,2
42816710,5,4,4,3,5,4,4,4,4,1,0,6,0,0,3,PA,1
42816841,5,4,5,5,5,1,3,3,3,1,0,3,0,0,5,AZ,4
42817908,5,3,4,3,3,2,2,2,2,1,0,4,4,2,2,OH,2
42818332,5,4,4,4,4,3,3,3,3,1,0,5,0,1,2,PA,1
42819467,5,4,4,4,4,3,3,4,4,2,0,10,0,0,3,PA,1
42819795,4,4,4,5,5,4,3,3,4,2,0,5,0,0,5,CT,1
42820267,5,3,3,3,4,2,1,1,1,2,0,1,0,0,3,PA,1
42820600,5,2,3,4,4,4,4,4,3,2,0,1,6,0,3,PA,1
42820845,5,3,3,5,5,3,3,3,3,2,2,7,0,2,7,CT,1
42821190,5,3,4,4,5,3,3,3,3,2,0,1,0,0,3,VA,3
42822252,4,3,5,2,5,5,4,4,3,1,0,5,0,0,3,WI,2
42822782,5,2,3,4,4,3,2,3,3,2,0,4,0,1,2,NE,2
42822983,5,5,5,5,5,5,5,5,5,2,0,1,0,1,2,MI,2
42823846,4,3,3,3,4,2,2,2,2,2,0,5,0,0,3,OH,2
42825155,5,3,5,3,4,4,2,5,1,2,1,10,6,2,7,CA,4
42826064,5,3,3,5,5,3,3,5,3,1,0,5,0,0,3,AL,3
42827514,4,5,4,4,4,5,4,4,5,2,0,10,3,0,2,CA,4
42829301,1,2,2,3,3,2,2,2,2,2,1,8,5,4,5,CA,4
42832550,5,5,5,3,4,5,5,5,5,2,0,1,0,0,4,WA,4
42833651,5,4,5,3,3,3,3,3,2,2,0,4,0,2,2,NV,4
42833911,4,3,3,4,5,3,3,3,3,2,2,8,0,2,5,CA,4
42834518,4,3,3,3,4,3,3,3,3,2,0,5,0,1,3,NY,1
42836329,5,3,3,3,3,3,3,4,4,2,0,1,0,0,3,NY,1
42836402,5,3,3,5,5,3,3,3,3,2,0,2,0,0,3,FL,3
42836628,5,3,5,5,5,5,5,5,5,2,1,3,2,0,7,NH,1
42839151,5,3,4,4,4,3,3,3,2,2,0,1,0,0,3,OH,2
42839239,4,3,3,4,4,3,2,3,3,2,0,7,0,0,3,CO,4
42841429,4,3,4,5,5,3,3,3,3,2,0,7,0,1,3,CT,1
42846931,5,5,5,5,5,4,5,4,5,2,0,2,0,0,3,TX,3
42848193,4,4,3,3,5,3,3,3,3,1,1,2,1,0,255,PA,1
42848268,4,3,3,4,5,4,4,4,3,2,0,2,1,2,255,MS,3
42848739,5,4,4,4,5,4,4,5,5,2,2,10,1,2,255,AL,3
42851006,5,3,4,2,3,4,3,3,3,1,1,4,1,2,255,NJ,1
42851751,5,3,2,3,4,4,5,4,4,1,3,4,0,0,255,CA,4
42853178,3,3,3,4,4,3,3,3,3,2,0,10,0,0,255,GA,3
42854539,4,4,4,4,4,4,4,4,3,2,0,1,0,0,255,NC,3
42856717,5,4,5,3,4,2,4,3,3,1,2,4,0,0,255,CT,1
42857362,5,3,4,4,3,4,4,4,3,2,3,5,0,0,255,TN,3
42858054,5,3,3,5,5,3,3,4,3,2,0,1,0,0,255,MO,2
42859456,5,3,4,5,5,4,4,4,4,2,0,2,0,1,255,WA,4
42860592,4,4,4,4,4,4,4,4,1,1,2,4,0,1,5,NC,3
42861143,5,4,4,4,4,3,3,3,3,1,2,3,0,1,255,AR,3
42861803,4,4,4,4,3,4,4,4,3,2,2,2,0,1,255,FL,3
42862334,5,4,4,5,4,4,3,4,3,2,0,1,0,1,255,MA,1
42862830,5,2,4,4,5,3,3,3,3,2,2,7,0,2,255,GA,3
42863213,4,4,4,4,4,3,3,3,3,2,2,6,0,2,255,VA,3
42864710,4,4,4,4,3,4,3,3,3,1,1,2,0,2,255,IA,2
42865900,5,4,4,4,4,3,4,3,1,1,2,10,0,2,255,OH,2
42866353,4,3,3,5,4,3,3,3,3,2,4,7,0,2,255,CA,4
42866498,5,3,5,5,5,5,5,5,4,2,0,1,0,2,255,IL,2
42868839,4,2,3,3,2,3,3,4,4,2,0,3,0,2,255,WA,4
42869167,4,3,3,3,3,4,4,4,4,2,0,2,0,2,4,WI,2
42870721,5,4,5,4,4,4,4,4,4,2,2,2,0,3,255,PA,1
42870756,5,3,3,3,3,2,3,3,3,2,2,4,0,3,255,IA,2
42871357,4,4,4,4,5,4,4,4,4,2,2,3,0,3,255,TX,3
42884051,4,3,3,3,4,2,2,2,3,2,2,2,0,3,255,WA,4
42885134,3,3,3,3,5,4,4,4,3,2,1,2,0,3,255,MO,2
42885338,5,3,4,3,3,3,3,3,4,1,2,1,0,3,255,OR,4
42893817,5,4,4,2,3,3,4,4,2,1,2,3,0,4,255,IA,2
42901507,5,3,3,3,4,2,3,3,1,2,0,4,4,0,255,IL,2
42914562,4,4,2,3,5,2,3,4,3,1,2,4,4,0,255,CA,4
